anmerkung_gedruckt_von;anmerkung_Drucker;Drucker;gnd_Drucker;tw_id;ISNI;IDD
veuve Jean Trepperel et Jean Jehannot (USTC);null;Agostino Zani;1150711809;null;null;IDD-001
veuve Jean Trepperel et Jean Jehannot (USTC);null;Jean Jehannot;1037657144;null;null;IDD-001
null;null;Alain Lotrian;1037598210;null;null;IDD-002
null;Druckerin und Buchhändlerin;Witwe von Jean Trepperel (GND 1089251890);1150711809;null;null;IDD-003
Guillaume Desplains [et] Guillaume Eustace [et] [Raoul Couturier  (USTC);null;Guillaume Desplains;null;null;0000 0000 7783 2834;IDD-004
Guillaume Desplains [et] Guillaume Eustace [et] [Raoul Couturier  (USTC);Drucker und Verleger;Guillaume Eustace;null;null;0000 0003 6030 1668;IDD-004
Guillaume Desplains [et] Guillaume Eustace [et] [Raoul Couturier  (USTC);null;Raoul Couturier;null;null;null;IDD-004
null;null;Jean de Romoys;null;null;0000 0001 1357 7149;IDD-005
 per Antoine Bonnemère expensis Jean Frellon [et] [Nicolas des Prez] [et] François [Regnault (USTC);null;Antoine Bonnemère;1089741243;null;null;IDD-006
 per Antoine Bonnemère expensis Jean Frellon [et] [Nicolas des Prez] [et] François [Regnault (USTC);null;François Regnault;1037566718;null;null;IDD-006
 per Antoine Bonnemère expensis Jean Frellon [et] [Nicolas des Prez] [et] François [Regnault (USTC);null;Jean Frellon;1037511565;null;null;IDD-006
André Bocard] venundantur Jean Petit (USTC);null;André Bocard;1037573307;null;null;IDD-007
André Bocard] venundantur Jean Petit (USTC);Buchhändler;Jean Petit;(1) 103753445X oder (2) 1037534433;null;null;IDD-007
null;null;Gilles de Gourmont;1037571444;null;null;IDD-008
null;null;Jodocus Badius Ascensius;11901808X;null;null;IDD-009
null;null;Jean de Moylin;1037572815;null;null;IDD-010
null;null;Etienne Gueynard;129023329;null;null;IDD-011
null;null;Jacques Myt;1037545036;null;null;IDD-012
null;null;Jean Moylin;1037572815;null;null;IDD-013
null;null;in aedibus Claude Nourry;(https://data.bnf.fr/12230853/claude_nourry/);null;0000 0001 2137 3111;IDD-014
Jean Frellon [et] Antoine Bonnemère (USTC);null;Antoine Bonnemère;1089741243;null;null;IDD-015
Jean Frellon [et] Antoine Bonnemère (USTC);null;Jean Frellon;1037511565;null;null;IDD-015
null;null;Gilles de Gourmont;1037571444;null;null;IDD-016
Antoine Bonnemère [et] François Regnault [et] Jean Frellon (USTC);null;Antoine Bonnemère;1089741243;null;null;IDD-017
Antoine Bonnemère [et] François Regnault [et] Jean Frellon (USTC);null;François Regnault;1037566718;null;null;IDD-017
Antoine Bonnemère [et] François Regnault [et] Jean Frellon (USTC);null;Jean Frellon;1037511565;null;null;IDD-017
[Guillaume Desplains] [et] Guillaume Eustace (USTC);null;Guillaume Desplains;null;null;null;IDD-018
[Guillaume Desplains] [et] Guillaume Eustace (USTC);Drucker und Verleger;Guillaume Eustace;null;null;0000 0003 6030 1668;IDD-018
[Guillaume Desplains] [et] Guillaume Eustace (USTC);null;Pierre Gaudoul;null;null;0000 0001 2114 8459;IDD-018
[Guillaume Desplains] [et] Guillaume Eustace (USTC);null;Raoul Couturier;null;null;null;IDD-018
null;null;Henricus Stephanus;118981099;null;null;IDD-019
in officina Josse Bade venundantur Jean Petit (USTC);Buchhändler;Jean Petit;(1) 103753445X oder (2) 1037534433;null;null;IDD-020
in officina Josse Bade venundantur Jean Petit (USTC);null;Josse Bade;11901808X;null;null;IDD-020
null;null;Pierre Gaudoul;null;null;0000 0001 2114 8459;IDD-021
[Guillaume Desplains] venundantur Guillaume Eustace (USTC);null;Guillaume Desplains;null;null;null;IDD-023
[Guillaume Desplains] venundantur Guillaume Eustace (USTC);Drucker und Verleger;Guillaume Eustace;null;null;0000 0003 6030 1668;IDD-023
Ulrich Gering, Martin Crantz, and Michael Friburger (USTC);null;Martin Crantz;136437753;null;null;IDD-024
Ulrich Gering, Martin Crantz, and Michael Friburger (USTC);null;Michael Friburger;134198107;null;null;IDD-024
Ulrich Gering, Martin Crantz, and Michael Friburger (USTC);null;Ulrich Gering;13325366X;null;null;IDD-024
Guy Marchant, partly for Jean Petit (USTC);null;Guy Marchant;138932433;null;null;IDD-025
Guy Marchant, partly for Jean Petit (USTC);Buchhändler;Jean Petit;(1) 103753445X oder (2) 1037534433;null;null;IDD-025
[Antoine Denidel, and] Robert de Gourmont, for Denis Roce (USTC);null;Antoine Denidel;1237890829;null;null;IDD-026
[Antoine Denidel, and] Robert de Gourmont, for Denis Roce (USTC);Verleger;Denis Roce;1037571983;null;null;IDD-026
[Antoine Denidel, and] Robert de Gourmont, for Denis Roce (USTC);null;Robert Gourmont;1171273118;null;null;IDD-026
null;null;Michel Le Noir;103762839X;null;null;IDD-027
null;null;Engelhardus Schultis?;null;of0713;null;IDD-028
null;null;Johannes Siber;138430934;null;null;IDD-029
venales Jean Petit (USTC);Buchhändler;Jean Petit;(1) 103753445X oder (2) 1037534433;null;null;IDD-030
venales Jean Petit (USTC);null;Poncet Le Preux;1037566688;null;null;IDD-030
Guillaume des Prez [et] Geoffroy Enguilbert [et] Jean de Marnef (USTC);null;Geoffroy Enguilbert;129043621;null;null;IDD-031
Guillaume des Prez [et] Geoffroy Enguilbert [et] Jean de Marnef (USTC);null;Guillaume des Prez;null;null;0000 0000 3027 1435;IDD-031
Guillaume des Prez [et] Geoffroy Enguilbert [et] Jean de Marnef (USTC);null;Jean de Marnef;1037603311;null;null;IDD-031
null;null;François Regnault;1037566718;null;null;IDD-032
null;null;Poncet Le Preux;1037566688;null;null;IDD-033
Guillermus Desplains expensis Egidio de Gourmont et François Regnault (USTC);null;François Regnault;1037566718;null;null;IDD-034
Guillermus Desplains expensis Egidio de Gourmont et François Regnault (USTC);null;Gilles de Gourmont;1037571444;null;null;IDD-034
null;null;Diego de Gumiel;null;of0238;null;IDD-035
Nicolaus Ketelaer, and Gerardus de Leempt (USTC);null;Gerardus de Leempt;138893527;null;null;IDD-036
Nicolaus Ketelaer, and Gerardus de Leempt (USTC);null;Nicolaus Ketelaer;123177871;null;null;IDD-036
null;null;Wilhelmus Hees;1037570529;null;null;IDD-037
null;null;Fratres Vitae Communis;null;of1611;null;IDD-038
null;null;Gerard Leeu;119198711;null;null;IDD-039
null;null;Gerard Leeu;119198711;null;null;IDD-040
null;null;Mathias van der Goes;138825602;null;null;IDD-041
null;null;Richard Pynson;11879373X;null;null;IDD-042
null;null;Jan Pekk;null;null;null;IDD-043
null;null;Gregor Bartholomaeus;1037506529;null;null;IDD-044
null;null;Adam Petri de Langendorff;119784998;null;null;IDD-045
null;null;Adam Petri de Langendorff;119784998;null;null;IDD-046
null;null;Hermann Gutschaiff;1037540719;null;null;IDD-047
null;null;Silvan Otmar;129241172;null;null;IDD-048
null;null;Silvan Otmar;129241172;null;null;IDD-049
null;null;Servas Kruffter;136552234;null;null;IDD-050
durch verlegung des Georg Diemar (heirs of) von Johann Otmar (USTC);null;Georg Diemar (Erben);1100695850 (Georg Diemar);null;null;IDD-051
durch verlegung des Georg Diemar (heirs of) von Johann Otmar (USTC);null;Johann Otmar;115858679;null;null;IDD-051
;null;Heinrich Quentel (Erben);102359229;null;null;IDD-052
null;null;Friedrich Peypus;129085154;null;null;IDD-053
null;null;Heinrich von Neuss;136407978;null;null;IDD-054
null;null;Johann Grüninger;118698451;null;null;IDD-055
null;null;Johann Grüninger;118698451;null;null;IDD-056
null;null;Sodalitas Celtica;6146018-7;null;null;IDD-057
null;null;Johann Schönsperger d. J.;119539101;null;null;IDD-058
null;null;Johann Schönsperger d. J.;119539101;null;null;IDD-059
null;null;Johann Schönsperger d. J.;119539101;null;null;IDD-060
in edibus Silvan Otmar impensis Johannes von Regensburg Wagner (USTC);Finanzier;Johannes von Regensburg Wagner;119756706;null;null;IDD-061
in edibus Silvan Otmar impensis Johannes von Regensburg Wagner (USTC);null;Silvan Otmar;129241172;null;null;IDD-061
null;null;Heinrich von Neuss;136407978;null;null;IDD-062
null;null;Heinrich Quentell;102359229;null;null;IDD-063
null;null;Beatus Murner;102843422;null;null;IDD-064
null;null;Hans Dorn;122105214;null;null;IDD-065
null;null;Johannes Landen;118884719;null;null;IDD-066
null;null;Amandus Farckall;(1) 118698451. (2) 119669226;null;null;IDD-067
null;null;Wolfgang Huber;1037541200;null;null;IDD-068
null;null;Martin von Werden;13736170X;null;null;IDD-069
null;null;Jobst Gutknecht;106388606;null;null;IDD-070
null;null;Johann Hanau;136951112;null;null;IDD-071
null;null;Johann Hanau;136951112;null;null;IDD-072
null;null;Johann Hanau;136951112;null;null;IDD-073
null;null;Martin Flach;129803227;null;null;IDD-074
null;null;Cornelius von Zierickzee;137834020;null;null;IDD-075
null;null;Cornelius von Zierickzee;137834020;null;null;IDD-076
null;null;Cornelius von Zierickzee;137834020;null;null;IDD-077
null;null;Cornelius von Zierickzee;137834020;null;null;IDD-078
impensis atque ere Johann Rynmann, Hagenau cura et opera Heinrich Gran (USTC);null;Heinrich Gran;13764390X;null;null;IDD-079
impensis atque ere Johann Rynmann, Hagenau cura et opera Heinrich Gran (USTC);null;Johann Rynmann, Hagenau;12285487X;null;null;IDD-079
null;null;Thomas Anshelm;123978386;null;null;IDD-080
null;null;Hieronymus Höltzel;131671308;null;null;IDD-081
null;null;Pamphilus Gengenbach;11853842X;null;null;IDD-082
null;null;Hans Hager;1089171536;null;null;IDD-083
null;null;Michel Buchfürer;118796712;null;null;IDD-084
null;null;Amandus Farckall;119669226;null;null;IDD-085
null;null;Matthias Schürer;104302844;null;null;IDD-086
null;null;Matthias Schürer;104302844;null;null;IDD-087
null;null;Hans Schobser;118609874;null;null;IDD-088
null;null;Hieronymus Höltzel;131671308;null;null;IDD-089
null;null;Matthias Hupfuff;13352583X;null;null;IDD-090
null;null;Johannes Landen;118884719;null;null;IDD-091
null;null;Johannes Schöffer;118795287;null;null;IDD-092
null;null;Martin Landsberg;104296801;null;null;IDD-093
null;null;Martin Landsberg;104296801;null;null;IDD-094
Hagenau, typis ac formulis Thomas Anshelm, Nürnberg, sumptibus Johann Koberger (USTC;null;Johann Koberger;118698451;null;null;IDD-095
Hagenau, typis ac formulis Thomas Anshelm, Nürnberg, sumptibus Johann Koberger (USTC;null;Thomas Anshelm;123978386;null;null;IDD-095
null;null;Beatus Murner;102843422;null;null;IDD-096
null;null;Beatus Murner;102843422;null;null;IDD-097
null;null;Johannes Schöffer;118795287;null;null;IDD-098
null;null;Adam Petri de Langendorff;119784998;null;null;IDD-099
null;Verleger;Ludwig Hornken;137636229;null;null;IDD-099
null;null;Hans von Erfurt;132983508;null;null;IDD-100
null;null;Hans Schobsten;118609874;null;null;IDD-101
null;null;Heinrich von Neuss;136407978;null;null;IDD-102
null;null;Johannes Landen;118884719;null;null;IDD-103
null;null;Erhard Oeglin;13056267X;null;null;IDD-104
null;null;Heinrich von Neuss;136407978;null;null;IDD-105
null;null;Johann Froschauer;131600680;null;null;IDD-106
null;null;Johannes Landen;118884719;null;null;IDD-107
null;null;Jörg Nadler;1037536681;null;null;IDD-108
null;null;Johannes Landen;118884719;null;null;IDD-109
null;null;Johannes Weissenburger;122900987;null;null;IDD-110
null;null;Heinrich von Neuss;136407978;null;null;IDD-111
null;null;Johannes Landen;118884719;null;null;IDD-112
null;null;Johannes Weissenburger;122900987;null;null;IDD-113
null;null;Jacobus Thanner;120963884;null;null;IDD-114
null;null;Balthasar Murrer;1037540581;null;null;IDD-115
null;null;Nikolaus Lamparter;1037539915;null;null;IDD-115
null;null;Heinrich von Neuss;136407978;null;null;IDD-116
null;null;Johannes Weissenburger;122900987;null;null;IDD-117
null;null;Johannes Weissenburger;122900987;null;null;IDD-118
null;null;Johannes Weissenburger;122900987;null;null;IDD-119
null;null;Melchior Lotter d. Ä.;119747162;null;0000 0001 2022 1845;IDD-120
null;null;Johannes Landen;118884719;null;null;IDD-121
null;null;Johann Grüninger;118698451;null;null;IDD-122
per;null;Giorgio Rusconi;null;null;0000 0000 7738 6539;IDD-123
apud Johannes Herwagen (I);null;Johannes Herwagen;119707950;null;null;IDD-123
Petri, Joh., Amerbach, Joh. und Froben, Joh. (VD16);null;Johann Amerbach;123073189;null;null;IDD-124
Joh. Petri, Joh. Froben (USTC);null;Johann Froben;118955179;null;null;IDD-124
Joh. Petri, Joh. Froben (USTC);null;Johann Petri;123250889;null;null;IDD-124
null;null;Conrad Hist;129032050;null;null;IDD-125
null;null;Martin von Werden;13736170X;null;null;IDD-126
null;null;Martin von Werden;13736170X;null;null;IDD-127
null;null;Heinrich von Neuss;136407978;null;null;IDD-128
null;null;Heinrich von Neuss;136407978;null;null;IDD-129
null;null;Johann Stuchs;13194553X;null;null;IDD-130
null;null;Johann Otmar;115858679;null;null;IDD-131
null;null;Johann Otmar;115858679;null;null;IDD-132
null;null;Johann Miller;119762404;null;null;IDD-133
null;null;Heinrich von Augsburg Steiner;119838451;null;null;IDD-134
null;null;Johannes Weissenburger;122900987;null;null;IDD-135
null;null;Matthias Hupfuff;13352583X;null;null;IDD-136
null;null;Silvan Otmar;129241172;null;null;IDD-137
null;null;Erhard Oeglin;13056267X;null;null;IDD-138
Johann Knobloch (I);null;Johannes Herwagen;119707950;null;null;IDD-139
Johann Froben, and Johann Petri de Langendorff (USTC);null;Johann Froben;118955179;null;null;IDD-140
Johann Froben, and Johann Petri de Langendorff (USTC);null;Johann Petri;123250889;null;null;IDD-140
Johann Froben, for Johann Amerbach, and Johann Petri de Langendorff (USTC);null;Johann Amerbach;123073189;null;null;IDD-141
Johann Froben, for Johann Amerbach, and Johann Petri de Langendorff (USTC);null;Johann Froben;118955179;null;null;IDD-141
Johann Froben, for Johann Amerbach, and Johann Petri de Langendorff (USTC);null;Johann Petri;123250889;null;null;IDD-141
null;null;Anton Koberger;118563890;null;null;IDD-142
null;null;Anton Koberger;118563890;null;null;IDD-143
null;null;Johann Grüninger;118698451;null;null;IDD-144
null;null;Anton Koberger;118563890;null;null;IDD-145
null;null;Anton Koberger;118563890;null;null;IDD-146
null;null;Konrad Kachelofen;137785410;null;0000 0000 5619 2997;IDD-147
null;null;Konrad Kachelofen;137785410;null;0000 0000 5619 2997;IDD-148
null;null;Melchior Lotter d. Ä.;119747162;null;0000 0001 2022 1845;IDD-149
null;null;Cornelius von Zierickzee;137834020;null;null;IDD-150
null;null;Friedrich Creussner;135725259;null;null;IDD-151
null;null;Friedrich Creussner;135725259;null;null;IDD-152
null;null;Lucas Brandis;102429642;null;null;IDD-153
null;null;Peter Wagner;188351264;null;null;IDD-154
null;null;Friedrich Creussner;135725259;null;null;IDD-155
null;null;Johann Mentelin;118783319;null;null;IDD-156
null;null;Bernhard Richel;136009115;null;null;IDD-157
null;null;Anton Koberger;118563890;null;null;IDD-158
null;null;Anton Koberger;118563890;null;null;IDD-159
null;null;Drucker des Henricus Ariminensis (Georg Reyser?);null;null;null;IDD-160
null;null;Johann Amerbach;123073189;null;null;IDD-161
null;null;Ulrich Zel;11907155X;null;null;IDD-162
null;null;Johann Amerbach;123073189;null;null;IDD-163
null;null;Nicolaus Kesler;137735677;null;null;IDD-164
null;null;Friedrich Creussner;135725259;null;null;IDD-165
null;null;Johann Koelhoff d.Ä.;102507554;null;null;IDD-166
null;null;Jacobus Thanner;120963884;null;null;IDD-167
null;null;Johann Zainer d.Ä.;118643479;null;null;IDD-168
null;null;Anton Sorg;12146556X;null;null;IDD-169
null;null;Johann Pfeyl;13644881X;null;null;IDD-170
null;null;C.W.;null;null;null;IDD-171
null;null;Anton Koberger;118563890;null;null;IDD-172
null;null;Anton Koberger;118563890;null;null;IDD-173
null;null;Hans Folz;118534211;null;null;IDD-174
null;null;Hans Folz;118534211;null;null;IDD-175
(USTC);null;Peter Wagner;188351264;null;null;IDD-176
null;null;Hans Mair;null;null;null;IDD-177
null;null;Hans Mair;null;null;null;IDD-178
null;null;Hans Mair;null;null;null;IDD-179
null;null;Konrad Kachelofen;137785410;null;0000 0000 5619 2997;IDD-180
null;null;Johann Koelhoff d.Ä.;102507554;null;null;IDD-181
null;null;Martin Flach;129803227;null;null;IDD-182
null;null;Georg Stuchs;104175265;null;null;IDD-183
null;null;Günther Zainer;118636111;null;null;IDD-184
null;null;Georg Stuchs;104175265;null;null;IDD-185
null;null;Nicolaus Götz?;134099273;null;null;IDD-186
null;null;Georg Husner;136216064;null;null;IDD-187
(ISTC);null;Johann Otmar;115858679;null;null;IDD-188
(GW, USTC);null;Michael Greyff;136138195;null;null;IDD-188
null;null;Jacob Eber;13573004X;null;null;IDD-189
null;null;Johann Amerbach;123073189;null;null;IDD-190
null;null;Johann Prüss;135917018;null;null;IDD-191
null;null;Hermann Bumgart;136605486;null;null;IDD-192
null;null;Johann Koelhoff d. Ä.;102507554;null;null;IDD-193
null;Drucker der 1483 Jordanus de Quedlinburg (= Georg Husner);Georg Husner;136216064;null;null;IDD-194
null;null;Konrad Fyner;116879335;null;null;IDD-195
null;null;Konrad Fyner;116879335;null;null;IDD-196
null;?;Kaspar Hochfeder;119338297;null;null;IDD-197
null;null;Johann Froschauer;131600680;null;null;IDD-198
null;null;Johann Mentlin;118783319;null;null;IDD-199
null;null;Johann Mentlin;118783319;null;null;IDD-200
null;null;Peter Schöffer;118795295;null;null;IDD-201
null;null;Matthias Hupfuff;13352583X;null;null;IDD-202
[=Ulrich Zel] (ISTC, USTC);null;Ulrich Zell;11907155X;null;null;IDD-203
null;null;Heinrich Quentell;102359229;null;null;IDD-204
null;null;Caspar Hochfeder;119338297;null;null;IDD-205
null;null;Heinrich Quentel;102359229;null;null;IDD-206
null;null;Jodocus Pflanzmann;10241498X;null;null;IDD-207
null;null;Caspar Hochfeder;119338297;null;null;IDD-208
null;null;Drucker der 'Darmstadt' Prognostication;null;null;null;IDD-209
null;null;Drucker der 'Darmstadt' Prognostication;null;null;null;IDD-210
null;null;Johann Zainer d.Ä.;118643479;null;null;IDD-211
null;null;Heinrich Petzensteiner;102952372X;null;null;IDD-212
null;null;Johann Pfeyl;13644881X;null;null;IDD-212
null;null;Simon Koch (Mentzer);136109640;null;null;IDD-213
null;null;Jacobus Wolff de Pforzheim;1012373568;null;null;IDD-214
null;?;Ludwig von Renchen;119097958;null;null;IDD-215
null;null;Simon Koch (Mentzer);136109640;null;null;IDD-216
null;null;Simon Koch (Mentzer);136109640;null;null;IDD-217
null;null;Matthaeus Brandis;135556686;null;null;IDD-218
null;null;Arnold von Köln;1037658841;null;null;IDD-219
null;null;Heinrich Quentell;102359229;null;null;IDD-220
null;null;Peter Attendorn;128973706;null;null;IDD-221
null;null;Cornelius von Zierickzee;137834020;null;null;IDD-222
(GW, USTC);null;Drucker von Augustinus, Explanatio psalmorum (GW2908);null;null;null;IDD-223
(ISTC);null;Vindelinus de Spira;1089721781;null;null;IDD-223
null;null;Michael Wenssler;134121260;null;null;IDD-224
null;null;Martin Flach;129803227;null;null;IDD-225
null;null;Jacob Eber;13573004X;null;null;IDD-226
null;null;Arnold Ther Hoernen;137661495;null;null;IDD-227
null;null;Johann Zainer d.Ä.;118643479;null;null;IDD-228
null;null;Johann Zainer d.Ä.;118643479;null;null;IDD-229
null;null;Johann Zainer d.Ä.;118643479;null;null;IDD-230
null;null;Johann Zainer d.Ä.;118643479;null;null;IDD-231
null;null;Anton Sorg;12146556X;null;null;IDD-232
null;Drucker des Salomon et Marcolphus (Ludwig von Renchen?);Ludwig von Renchen;119097958;null;null;IDD-233
null;null;Kloster Sankt Ulrich und Afra;null; of0818;null;IDD-234
null;null;Friedrich Creussner;135725259;null;null;IDD-235
null;Drucker und Verleger;Nicolas Jenson;118917153;null;null;IDD-235
null;null;Günther Zainer;118636111;null;null;IDD-236
null;null;Friedrich Creussner;135725259;null;null;IDD-237
null;null;Peter Drach;124571905 ?;null;null;IDD-238
null;null;Dürer-Schule;null;null;null;IDD-239
null;null;Hans Guldenmund;123253705;null;null;IDD-240
null;null;Guillaume Balsarin;103757270X;null;null;IDD-241
null;null;Janon Carcain;1199865656;null;null;IDD-242
André Bocard, for Jean Richard, Jean Petit, and Durand Gerlier (USTC);null;André Bocard;1037573307;null;null;IDD-243
André Bocard, for Jean Richard, Jean Petit, and Durand Gerlier (USTC);Verleger und Buchhändler;Durand Gerlier;1037571010;null;null;IDD-243
André Bocard, for Jean Richard, Jean Petit, and Durand Gerlier (USTC);Buchhändler;Jean Petit;(1) 103753445X oder (2) 1037534433;null;null;IDD-243
null;Verleger;Jean Richard;1172238073;null;null;IDD-243
null;null;Jean Du Pré;103757382X;null;null;IDD-244
null;null;Paul Hurus;136216013;null;null;IDD-245
null;null;Paul Hurus;136216013;null;null;IDD-246
null;null;Meinhard Ungut;133669548;null;null;IDD-247
null;null;Stanislaus Polonus;13046581X;null;null;IDD-247
Drucker von Rolewinck, 'Fasciculus temporum' (Jean Belot) (H 6943) (ISTC, USTC);null;Jean Belot;1037579208;null;null;IDD-248
(ISTC);null;Pierre Le Dru;1075214270;null;null;IDD-248
null;null;Fadrique de Basilea (Friedrich Biel);135660467;null;null;IDD-249
null;null;Georg Mittelhus;137197845;null;null;IDD-250
für;null;Antoine Vérard;118804162;null;null;IDD-251
null;null;Jean de Romoys;null;null;null;IDD-252
[Guillaume Desplains, or Raoul Couturier], for Guillaume Eustace (ISTC, USTC);null;Guillaume Desplains;null;null;null;IDD-253
[Guillaume Desplains, or Raoul Couturier], for Guillaume Eustace (ISTC, USTC);Drucker und Verleger;Guillaume Eustace;null;null;0000 0003 6030 1668;IDD-253
[Jean Morand] für Guillaume Eustace (GW);null;Jean Morand;null;of0788;null;IDD-253
[Guillaume Desplains, or Raoul Couturier], for Guillaume Eustace (ISTC, USTC);null;Raoul Couturier;null;null;null;IDD-253
null;null;Witwe von Michel Le Noir (GND 103762839X);null;null;null;IDD-254
per;per;Simone da Lovere;1037601408;null;null;IDD-255
null;null;sumptibus Comino da Lovere;1037601408 (?);null;null;IDD-256
null;null;Giacomo Pocatela;1037557301;null;null;IDD-257
null;null;Marcello Silber;138452873;null;null;IDD-258
per;null;Agostino Zani;1037556194;null;null;IDD-260
nelle case haer. Aldo I Manuzio & Andrea I Torresano (USTC);null;Aldo I Manuzio;118577387;null;null;IDD-261
nelle case haer. Aldo I Manuzio & Andrea I Torresano (USTC);null;Andreas Torresanus;120730030;null;null;IDD-261
per;null;Bartolomeo Zani;103757317X;null;null;IDD-262
null;null;Gregorius de Gregoriis;120750678;null;null;IDD-263
per Filippo I Giunta;null;Filippo Giunta I (Erben);6145361-4;null;null;IDD-264
null;null;Gregorius de Gregoriis;120750678;null;null;IDD-265
per;null;Bernardino I Viani;null;null;null;IDD-266
per Giovanni Antonio Nicolini da Sabbio & fratres;null;Giovanni Antonio Nicolini da Sabbio;1037557832;null;null;IDD-267
per haer. Filippo I Giunta;null;Filippo Giunta I (Erben);6145361-4;null;null;IDD-268
haer. Filippo I Giunta;null;Filippo Giunta I (Erben);6145361-4;null;null;IDD-269
null;null;Girolamo Penzio;1037399943;null;null;IDD-270
null;null;Francesco I Bindoni;1037559371;null;null;IDD-271
null;null;Maffeo Pasini;1037559363;null;null;IDD-271
per haer. Filippo I Giunta;per haer. Filippo I Giunta;Filippo Giunta I (Erben);6145361-4;null;null;IDD-272
null;null;Gregorius de Gregoriis;120750678;null;null;IDD-273
null;null;Girolamo Soncino;118615580;null;null;IDD-274
per;null;Giacomo Pocatela;1037557301;null;null;IDD-275
per;null;Alessandro Paganini;null;null;null;IDD-276
null;null;Pierre Gaudoul;null;null;0000 0001 2114 8459;IDD-277
per;null;Giorgio Rusconi;null;null;null;IDD-278
per;null;Alessandro Paganini;null;null;null;IDD-279
per;null;Alessandro Paganini;null;null;null;IDD-280
per;null;Bartolomeo Zani;103757317X;null;null;IDD-280
null;null;Arnaldus de Bruxella;118112509X;null;null;IDD-281
null;null;Bartholomäus Guldinbeck;14382824X;null;null;IDD-282
null;null;Bartholomäus Guldinbeck;14382824X;null;null;IDD-283
null;null;Gerardus de Lisa de Flandria;102501270;null;null;IDD-284
null;null;Bartholomäus Guldinbeck;14382824X;null;null;IDD-285
null;null;Nicolas Jenson (Drucker und Verleger);118917153;null;null;IDD-286
null;null;Gabriele di Pietro;129020818;null;null;IDD-287
null;null;Johannes de Renno;1172234981;null;null;IDD-288
null;null;Gerardus de Lisa de Flandria;102501270;null;null;IDD-289
null;null;Johannes Schallus;null;of1258;null;IDD-290
null;null;Albrecht Kunne;119107228;null;null;IDD-291
null;null;Albrecht Kunne;119107228;null;null;IDD-292
null;null;Giovanni Lionardo Longo;null;pe0208100;null;IDD-293
null;null;Hermann Liechtenstei;139384936;null;null;IDD-294
null;null;Bonetus Locatellus;1037496906;null;null;IDD-295
null;null;Albrecht Kunne;119107228;null;null;IDD-296
null;null;Alberto Alvise;123971241;null;null;IDD-297
null;null;Giovanni Alvise;123971047;null;null;IDD-297
null;null;Bernardinus Celerius;1037577914;null;null;IDD-298
null;null;Bernardinus Celerius;1037577914;null;null;IDD-299
null;null;Gerardus de Lisa de Flandria;102501270;null;null;IDD-300
null;null;Johannes de Renno;1172234981;null;null;IDD-301
null;null;Nel Beretin Convento della Ca Grande;null;of0028;null;IDD-302
null;null;Albrecht Kunne;119107228;null;null;IDD-303
null;null;Ugo Rugerius;129066125;null;null;IDD-304
null;null;Drucker von Sixtus IV., Bulla de reformatione confraternitatis (H 14811);null;of1696;null;IDD-305
null;null;Eucharius Silber;129070149;null;null;IDD-306
null;null;Henricus Alding;135703107;null;null;IDD-307
(GW, USTC);null;Francesco di Dino;1155872940;null;null;IDD-308
(ISTC;null;Georgius Herolt;107190292X;null;null;IDD-308
null;null;Johannes de Renno;1172234981;null;null;IDD-309
null;null;Leonardus Achates de Basilea;138093555;null;null;IDD-310
null;null;Nicolaus Laurentii, Alamanus;1037617495;null;null;IDD-311
null;null;Ugo Rugerius;129066125;null;null;IDD-312
null;null;Johannes Schallus;(tw-Identifier: of1258);null;null;IDD-313
null;null;Ulrich Han (Udalricus Gallus);102501025;null;null;IDD-314
null;null;"Drucker von ""Expositio Psalmorum""";null;null;null;IDD-315
null;null;"Drucker von Nicolaus de Lyra ""Contra Hebraeos"" (H 10408)";null;null;null;IDD-316
null;null;Jacobinus Suigus;129072052;null;null;IDD-317
null;null;Georgius Arrivabene;128973234;null;null;IDD-318
null;null;Paganinus de Paganinis;1037551729;null;null;IDD-318
null;null;Franciscus Renner de Heilbronn;138332290;null;null;IDD-319
null;null;Franciscus Renner de Heilbronn;138332290;null;null;IDD-320
null;null;Andreas Torresanus;120730030;null;null;IDD-321
null;null;Bartholomaeus de Blavis;1037617150;null;null;IDD-321
null;null;Mapheus de Paterbonis;141189061;null;null;IDD-321
null;null;Leonardus Wild;1037618734;null;null;IDD-323
null;null;Leonardus Pachel;120259516;null;null;IDD-324
null;null;Uldericus Scinzenzeler;13839413X;null;null;IDD-324
null;null;Franciscus Renner de Heilbronn;138332290;null;null;IDD-325
null;null;Petrus de Bartua;1172033803;null;null;IDD-325
null;null;Franciscus Renner de Heilbronn;138332290;null;null;IDD-326
null;null;Nicolaus de Frankfordia;137194714;null;null;IDD-326
null;null;Bartholomaeus de Valdezoccho;103765692X;null;null;IDD-327
null;null;Martinus de Septem Arboribus;1192053249;null;null;IDD-327
null;null;Franciscus de Benedictis;1037568109;null;null;IDD-328
null;null;Stephan Plannck;101669968;null;null;IDD-329
null;null;Stephan Plannck;101669968;null;null;IDD-330
null;null;Johannes de Renno;1172234981;null;null;IDD-331
null;null;Johannes Philippus de Lignamine;115360026;null;null;IDD-332
null;null;Bartholomaeus de Valdezoccho;103765692X;null;null;IDD-333
null;null;Eucharius Silber;129070149;null;null;IDD-335
null;null;Johannes de Renno;1172234981;null;null;IDD-337
null;null;Albertus de Stendal;1032262435;null;null;IDD-338
Bonetus Locatellus, for Octavianus Scotus (USTC);null;Bonetus Locatellus;1037496906;null;null;IDD-339
Bonetus Locatellus, for Octavianus Scotus (USTC); Verleger;Octavianus Scotus;104090030;null;null;IDD-339
null;null;Bernardinus Rizus, Novariensis;1037620623;null;null;IDD-340
Johannes Herbort, for Johannes de Colonia, Nicolaus Jenson, et socii (USTC;null;Johann Herbort;129031704;null;null;IDD-341
Johannes Herbort, for Johannes de Colonia, Nicolaus Jenson, et socii (USTC;Buchhändler und Verleger;Johann von Köln;129032921;null;null;IDD-341
null;Buchhändler und Verleger;Johann von Köln;129032921;null;null;IDD-342
null;null;Johannes Manthen;102547629;null;null;IDD-342
null;null;Drucker des Duns Scotus, Quaestiones (GW 9080);null;null;null;IDD-343
null;null;Vindelinus de Spira;1089721781;null;null;IDD-344
null;null;Antoine Denidel;1237890829;null;null;IDD-345
null;null;Robert Gourmont;1171273118;null;null;IDD-345
null;null;Simon Bevilaqua;128983388;null;null;IDD-346
null;null;Leonardus Achates de Basilea;138093555;null;null;IDD-347
null;null;Gregorius de Gregoriis;120750678;null;null;IDD-348
null;null;Manfredus de Bonellis de Monteferrato;1037617010;null;null;IDD-349
null;null;Gregorius de Gregoriis;120750678;null;null;IDD-350
null;null;Johannes de Gregoriis;129998311;null;null;IDD-350
null;null;Baptista de Tortis;134140680;null;null;IDD-351
Apud Sanctum Jacobum de Ripoli (GW, ISTC, USTC) für Giovanni di Nato und Piero Pacini (GW);null;Giovanni di Nato ;null;null;null;IDD-352
Apud Sanctum Jacobum de Ripoli (GW, ISTC, USTC) für Giovanni di Nato und Piero Pacini (GW);Drucker und Verleger;Piero Pacini;103756779X;null;null;IDD-352
Apud Sanctum Jacobum de Ripoli (GW, ISTC, USTC) für Giovanni di Nato und Piero Pacini (GW);null;Apud Sanctum Jacobum de Ripoli;null;null;null;IDD-352
null;null;Antonius de Strata de Cremona;1037574524;null;null;IDD-353
null;null;Johannes de Renno;1172234981;null;null;IDD-354
null;null;Antonius Zarotus;133182452;null;null;IDD-355
null;null;Balthasar Azoguidus;144056321;null;null;IDD-356
null;null;Petrus Adam de Michaelibus;null;of1254;null;IDD-357
null;null;Christophorus Valdarfer;137784996;null;null;IDD-358
null;null;Drucker von Terentius, Comoediae (Pr 6748);null;null;null;IDD-359
null;null;Stephan Plannck;101669968;null;null;IDD-360
(ISTC, USTC);null;Bartholomäus Guldinbeck;14382824X;null;null;IDD-361
(GW, ISTC);null;Johann Besicken;134019652;null;null;IDD-361
null;null;Stephan Plannck;101669968;null;null;IDD-362
null;null;Hermannus Liechtenstein;136671861;null;null;IDD-363
?;null;Bernardinus Benalis;128981180;null;null;IDD-365
null;null;Johannes Petri;1037553020;null;null;IDD-366
null;null;Lorenzo Morgiani;1071997122;null;null;IDD-366
null;null;Henricus de Colonia;133668096;null;null;IDD-367
null;null;Franciscus de Cennis;1172038414;null;null;IDD-368
null;null;Johannes Petri;1037553020;null;null;IDD-369
null;null;Lorenzo Morgiani;1071997122;null;null;IDD-369
null;null;Johann Emerich;134148231;null;null;IDD-370
null;Verleger;Lucantonio Giunta;103754479X;null;null;IDD-370
(ISTC, USTC);null;"Drucker von ""Expositio Psalmorum""";null;null;null;IDD-371
(GW);null;Ludovicus und Albertus Pedemontanus;null;null;null;IDD-371
null;null;Bonetus Locatellus;1037496906;null;null;IDD-372
null;null;Franz Renner;138332290;null;null;IDD-373
null;null;Johann Herbort;129031704;null;null;IDD-374
Paganinus de Paganinis;null;Bernardinus Benalis;128981180;null;null;IDD-375
Z.L. (i.e. Giovanni Lionardo Longo);null;Giovanni Lionardo Longo;null;pe0208100;null;IDD-376
null;null;Heinrich von Neuss;136407978;null;null;IDD-377
Beat(us) murner võ Strasbourg;null;Beatus Murner;102843422;null;null;IDD-378
null;null;Matthias Schürer (Erben);6146044-8;null;null;IDD-379
null;null;Martin Landsberg;104296801;null;null;IDD-380
Alonso Fernández de Córdoba et Gabriel Luis de Arinyo (USTC);null;Alfonso Fernández de Córdoba;1078509042;null;null;IDD-382
Alonso Fernández de Córdoba et Gabriel Luis de Arinyo (USTC);null;Gabriel Luis de Arinyo;null;pe0116800;0000 0001 1907 2424;IDD-382
null;null;Erhard Oeglin;13056267X;null;null;IDD-383
null;null;Johannes Landen;118884719;null;null;IDD-384
null;null;Paul Hurus;136216013;null;null;IDD-385
null;null;Paul Hurus;136216013;null;null;IDD-386
null;null;Eberhard Schön;null;null;null;IDD-387
null;null;Leonhard Aurl;1037618025;null;null;IDD-392
null;null;Friedrich Creussner;135725259;null;null;IDD-393
null;null;Bonetus Locatelus;1037496906;null;null;IDD-398
null;null;Johannes Landen;118884719;null;null;IDD-403
null;null;Lucas Cranach d. Ä.;118522582;null;0000 0001 2131 9721;IDD-404
null;null;Lucas Cranach d. Ä.;118522582;null;0000 0001 2131 9721;IDD-405
null;null;Hans Wandereisen;131659448;null;null;IDD-406
null;null;Hans Weidnitz;118806491;null;0000 0004 3506 7555;IDD-407
null;null;Ulrich Zell;11907155X;null;(1) 0000 0003 9705 9940. (2) 0000 0000 6423 5686;IDD-411
null;null;Jost de Negker;122072766;null;0000 0004 2338 5409;IDD-412
null;null;Jost de Negker;122072766;null;0000 0004 2338 5409;IDD-413
