IDD,Verfasser,GND_Verfasser,Ttitel
IDD-001,Bernhardin von Siena,11850987X,Quadragesimale de christiana Religiouse
IDD-002,Bernhardin von Siena,11850987X,Quadragesimale de christiana Religiouse
IDD-003,Bernhardin von Siena,11850987X,Quadragesimale de christiana Religiouse
IDD-004,"Rabi Samuel (i.e. Alfonsus Bonihominis, GND 119061481)","102849587 (i.e. Alfonsus Bonihominis, GND 119061481)","(1) Epistola ad R. Isaac de adventu Messiae quem Judaei temere expectant (2) Epistola contra Judaeorum errores. Tr: Alphonsus Boni Hominis (3) Quod Judaei messiam, qui venit seu venturum, temere exspectent"
IDD-005,Alfonsus de Spina,119229781,Fortalitium fidei
IDD-006,"Paulus Burgensis, Paulus von Burgos, Paulus de Santa Maria, Pablo de Santa Maria, Salomo ben Levi",119105144,Scrutinium scripturarum
IDD-007,Pierre de Blois,118923927,Opera in unum volumen collecta et emendata authore J. M. doctore theologo subsequenti ordine habentur Epistole. Sermones. Tractatus in librum Job. contra perfifiam Judaeorum. De confessione. De amicitia christiana
IDD-008,Vittore Porchetto de' Salvatici,100251420,"Victoria adversus Hebreos, in qua tum ex sacris literis, tum ex dictis Talmud ... monstratur veritas catholice fidei. Ex recognitione Augusti Justiniani episcopi Nebiensis"
IDD-009,Jacob Mantinus,119752476,"Rabi Mossei Aegyptii Dux seu Director dubita(n)tium aut perplexorum, in treis Libros diuisus, & summa accuratione Reuerendi patris Augustini Justiniani ordinis Praedicatorii Nebiensiu(m) Episcopi recognitus (etc.)"
IDD-009,Moses ben Maimon Maimonides,118576488,"Rabi Mossei Aegyptii Dux seu Director dubita(n)tium aut perplexorum, in treis Libros diuisus, & summa accuratione Reuerendi patris Augustini Justiniani ordinis Praedicatorii Nebiensiu(m) Episcopi recognitus (etc.)"
IDD-010,Alfonsus de Spina,119229781,Fortalitium fidei
IDD-011,Jacobus Perez de Valentia,119348918,Contra Judaeos
IDD-012,Jacobus Perez de Valentia,119348918,Contra Judaeos
IDD-013,Jacobus Perez de Valentia,119348918,Contra Judaeos
IDD-014,"Rabi Samuel (i.e. Alfonsus Bonihominis, GND 119061481)","102849587 (i.e. Alfonsus Bonihominis, GND 119061481)","(1) Epistola ad R. Isaac de adventu Messiae quem Judaei temere expectant (2) Epistola contra Judaeorum errores. Tr: Alphonsus Boni Hominis (3) Quod Judaei messiam, qui venit seu venturum, temere exspectent"
IDD-015,"Paulus Burgensis, Paulus von Burgos, Paulus de Santa Maria, Pablo de Santa Maria, Salomo ben Levi",119105144,Scrutinium scripturarum
IDD-016,Franciscus Tissardus,137736703,Dialogus (etc.)
IDD-017,"Paulus Burgensis, Paulus von Burgos, Paulus de Santa Maria, Pablo de Santa Maria, Salomo ben Levi",119105144,Scrutinium scripturarum
IDD-018,"Rabi Samuel (i.e. Alfonsus Bonihominis, GND 119061481)","102849587 (i.e. Alfonsus Bonihominis, GND 119061481)","(1) Epistola ad R. Isaac de adventu Messiae quem Judaei temere expectant (2) Epistola contra Judaeorum errores. Tr: Alphonsus Boni Hominis (3) Quod Judaei messiam, qui venit seu venturum, temere exspectent"
IDD-019,Victor von Carben,119858703,De vita et moribus Judaeorum
IDD-020,Jacobus Perez de Valentia,119348918,"(1) Centum ac quinquagenta Psalmi Davidici cum expositione (USTC). (2) Centu? ac quinquaginta psalmi Dauidici, cum diligentissima etiam tituloru? omniu? expositione ... Iacobi Perez de Vale?tia ... Præterea ... in cantica officialia ... eiusdem doctissimi patris expositiones. Accessit ad hec tractatus contra iudeos, etc. G.L. (BL)"
IDD-021,"Rabi Samuel (i.e. Alfonsus Bonihominis, GND 119061481)","102849587 (i.e. Alfonsus Bonihominis, GND 119061481)","(1) Epistola ad R. Isaac de adventu Messiae quem Judaei temere expectant (2) Epistola contra Judaeorum errores. Tr: Alphonsus Boni Hominis (3) Quod Judaei messiam, qui venit seu venturum, temere exspectent"
IDD-023,"Rabi Samuel (i.e. Alfonsus Bonihominis, GND 119061481)","102849587 (i.e. Alfonsus Bonihominis, GND 119061481)","(1) Epistola ad R. Isaac de adventu Messiae quem Judaei temere expectant (2) Epistola contra Judaeorum errores. Tr: Alphonsus Boni Hominis (3) Quod Judaei messiam, qui venit seu venturum, temere exspectent"
IDD-024,Johannes Duns Scotus,118528165,(1) Quaestiones in quattuor libros Sententiarum (2) Quaestiones in quattuor libros Sententiarum Petri Lombardi
IDD-025,Bernhardin von Siena,11850987X,Contemplationes
IDD-026,Bernhardin von Siena,11850987X,Contemplationes
IDD-027,Nicolaus de Lyra,119238683,(1) Contra perfidiam Judaeorum (2) Quaestio de probatione per scripturas a Judaeis receptas
IDD-028,Nicolaus de Lyra,119238683,(1) Contra perfidiam Judaeorum (2) Quaestio de probatione per scripturas a Judaeis receptas
IDD-029,Nicolaus de Lyra,119238683,(1) Contra perfidiam Judaeorum (2) Quaestio de probatione per scripturas a Judaeis receptas
IDD-030,Richard Fitzralph,119373998,Summa in questionibus armenorum
IDD-031,Vittore Porchetto de' Salvatici,100251420,"Victoria adversus Hebreos, in qua tum ex sacris literis, tum ex dictis Talmud ... monstratur veritas catholice fidei. Ex recognitione Augusti Justiniani episcopi Nebiensis"
IDD-032,Vittore Porchetto de' Salvatici,100251420,"Victoria adversus Hebreos, in qua tum ex sacris literis, tum ex dictis Talmud ... monstratur veritas catholice fidei. Ex recognitione Augusti Justiniani episcopi Nebiensis"
IDD-033,Richard Fitzralph,119373998,Summa in questionibus armenorum
IDD-034,Vittore Porchetto de' Salvatici,100251420,"Victoria autoris adversus impios Hebraeos, in qua tum ex sacris literis, tum ex dictis Talmud ac Caballistarum ... monstratur veritas catholice fidei. Ex recognitione Aug. Justiniani episcopi Nebiensis"
IDD-035,"Rabi Samuel (i.e. Alfonsus Bonihominis, GND 119061481)","102849587 (i.e. Alfonsus Bonihominis, GND 119061481)","(1) Epistola ad R. Isaac de adventu Messiae quem Judaei temere expectant (2) Epistola contra Judaeorum errores. Tr: Alphonsus Boni Hominis (3) Quod Judaei messiam, qui venit seu venturum, temere exspectent"
IDD-036,Flavius ​​Magnus Aurelius Cassiodorus,118519514,(1) De Salute animae (Turrecremata). (2) Constantii imperatoris et Liberii pape pro defensione Athanasii dialogus (Cassiodorus). (3) Historia Ecclesiastica Tripartita (Cassiodorus)
IDD-036,Johannes de Turrecremata,118642928,(1) De Salute animae (Turrecremata). (2) Constantii imperatoris et Liberii pape pro defensione Athanasii dialogus (Cassiodorus). (3) Historia Ecclesiastica Tripartita (Cassiodorus)
IDD-037,Bernhardin von Siena,11850987X,De vita christiana
IDD-038,Nicolaus de Lyra,119238683,(1) Contra perfidiam Judaeorum (2) Quaestio de probatione per scripturas a Judaeis receptas
IDD-038,"Rabi Samuel (i.e. Alfonsus Bonihominis, GND 119061481)","102849587 (i.e. Alfonsus Bonihominis, GND 119061481)","(1) Epistola ad R. Isaac de adventu Messiae quem Judaei temere expectant (2) Epistola contra Judaeorum errores. Tr: Alphonsus Boni Hominis (3) Quod Judaei messiam, qui venit seu venturum, temere exspectent"
IDD-039,"Rabi Samuel (i.e. Alfonsus Bonihominis, GND 119061481)","102849587 (i.e. Alfonsus Bonihominis, GND 119061481)","(1) Epistola ad R. Isaac de adventu Messiae quem Judaei temere expectant (2) Epistola contra Judaeorum errores. Tr: Alphonsus Boni Hominis (3) Quod Judaei messiam, qui venit seu venturum, temere exspectent"
IDD-040,Petrus de Riga,10095815X,(1) Aurora? (2) Versus
IDD-041,Bernhardin von Siena,11850987X,Tractatus diversi
IDD-042,Bernhardin von Siena,11850987X,Quadragesimale de christiana Religiouse
IDD-043,"Rabi Samuel (i.e. Alfonsus Bonihominis, GND 119061481)","102849587 (i.e. Alfonsus Bonihominis, GND 119061481)","(1) Epistola ad R. Isaac de adventu Messiae quem Judaei temere expectant (2) Epistola contra Judaeorum errores. Tr: Alphonsus Boni Hominis (3) Quod Judaei messiam, qui venit seu venturum, temere exspectent"
IDD-044,Giovanni Boccaccio,11851217X,"(1) Decamerone (Auzug: V, 1 Cimone). (2) Mythica historia Cymonis"
IDD-045,Giovanni Boccaccio,11851217X,"(1) Decamerone (Auzug: V, 1 Cimone). (2) Mythica historia Cymonis"
IDD-046,Giovanni Boccaccio,11851217X,"(1) Decamerone (Auzug: V, 1 Cimone). (2) Mythica historia Cymonis"
IDD-047,Johannes Pfefferkorn,118848801,Brandspiegel
IDD-048,"Rabi Samuel (i.e. Alfonsus Bonihominis, GND 119061481)","102849587 (i.e. Alfonsus Bonihominis, GND 119061481)","(1) Epistola ad R. Isaac de adventu Messiae quem Judaei temere expectant (2) Epistola contra Judaeorum errores. Tr: Alphonsus Boni Hominis (3) Quod Judaei messiam, qui venit seu venturum, temere exspectent"
IDD-049,"Rabi Samuel (i.e. Alfonsus Bonihominis, GND 119061481)","102849587 (i.e. Alfonsus Bonihominis, GND 119061481)","(1) Epistola ad R. Isaac de adventu Messiae quem Judaei temere expectant (2) Epistola contra Judaeorum errores. Tr: Alphonsus Boni Hominis (3) Quod Judaei messiam, qui venit seu venturum, temere exspectent"
IDD-050,Johannes Pfefferkorn,118848801,Klage
IDD-051,Victor von Carben,119858703,"Ain schön und seüberlich Tractat vo(n) der edlen rainen und unbeflecten junckfrauschaft Marie, etc."
IDD-052,Arnoldus de Tongern,10065844X,(1) Alphabeta in maledicos Judaeos et Thalmud (VD16 A 3763). (2) Responsiones ad argumenta quinquaginta. (VD16 A 3775)
IDD-053,Johannes Teuschlein,130084743,Auflosung ettli=||cher Fragen zu lob vnd ere || christi Jesu/ auch seiner lieben m#(ue)tter || Marie/ wider die verstockt? plin=||te Juden/ vnd alle die jhe=||nen so sie in jren lan||den vnd stet=||ten wi=||der recht ent=||halten f#(ue)ren vnd ge||dulden ne#(ue)lich geschehen
IDD-054,Johannes Pfefferkorn,118848801,Beschirmung
IDD-055,Giovanni Boccaccio,11851217X,"(1) Decamerone (Auzug: V, 1 Cimone). (2) Mythica historia Cymonis"
IDD-056,Giovanni Boccaccio,11851217X,"(1) Decamerone (Auzug: V, 1 Cimone). (2) Mythica historia Cymonis"
IDD-057,Konrad Celtis,118519891,"De origine, situ, moribus et institutis Norinbergae"
IDD-058,"Rabi Samuel (i.e. Alfonsus Bonihominis, GND 119061481)","102849587 (i.e. Alfonsus Bonihominis, GND 119061481)","(1) Epistola ad R. Isaac de adventu Messiae quem Judaei temere expectant (2) Epistola contra Judaeorum errores. Tr: Alphonsus Boni Hominis (3) Quod Judaei messiam, qui venit seu venturum, temere exspectent"
IDD-059,"Rabi Samuel (i.e. Alfonsus Bonihominis, GND 119061481)","102849587 (i.e. Alfonsus Bonihominis, GND 119061481)","(1) Epistola ad R. Isaac de adventu Messiae quem Judaei temere expectant (2) Epistola contra Judaeorum errores. Tr: Alphonsus Boni Hominis (3) Quod Judaei messiam, qui venit seu venturum, temere exspectent"
IDD-060,"Rabi Samuel (i.e. Alfonsus Bonihominis, GND 119061481)","102849587 (i.e. Alfonsus Bonihominis, GND 119061481)","(1) Epistola ad R. Isaac de adventu Messiae quem Judaei temere expectant (2) Epistola contra Judaeorum errores. Tr: Alphonsus Boni Hominis (3) Quod Judaei messiam, qui venit seu venturum, temere exspectent"
IDD-061,Christoph Hoffmann,122778812,De Ratisbona metropoli Boioariae et subita ibidem Judaeorum proscriptione (etc.)
IDD-062,Johannes Pfefferkorn,118848801,Beschirmung
IDD-063,Victor von Carben,119858703,Dem durchleuchtigsten hochgebornen Fursten und Herren Ludwign Phaltzgraven bey Rein Hertzogen in obren und Nidern Bayrn. Welicher eyn raby der juden gewest ist. Zu cristlichem glawbn komen weiter vindet man dar in. Eyn costliche disputatz eynes gelerten cristen und eyns gelerten juden. Darinne alle irthumb der Juden durch yr aygen schrifft aufgelost werden.
IDD-064,Thomas Murner,118585886,Der Juden benedicite wie sy Gott den Heren loben und im umb die speysz dancken
IDD-065,Johannes Pfefferkorn,118848801,Judenspiegel
IDD-066,Johannes Pfefferkorn,118848801,Judenspiegel
IDD-067,Lorenz Fries,118536028,Der Juden practica
IDD-068,Johannes Pfefferkorn,118848801,Judenspiegel
IDD-069,Johannes Pfefferkorn,118848801,Judenspiegel
IDD-070,Ulrich von Hutten,118555049,Die geschicht und bekentnuß des getaufften Juden zu Halle vor Sant Moritzen burgk auff dem Jueden kirchoff mit glueenden zangen gerissen darnach gepraten.
IDD-071,null,null,Warhafftig Sumarius der gerichts hendel
IDD-072,null,null,Warhafftig Sumarius der gerichts hendel
IDD-073,null,null,Warhafftig Sumarius der gerichts hendel
IDD-074,Johannes Herolt,100162495,(1) Discipulus de Eruditione christifidelium (2) Liber Discipuli de eruditione Christifidelium (3) De eruditione christifidelium
IDD-075,Johannes Herolt,100162495,(1) Discipulus de Eruditione christifidelium (2) Liber Discipuli de eruditione Christifidelium (3) De eruditione christifidelium
IDD-076,Johannes Herolt,100162495,(1) Discipulus de Eruditione christifidelium (2) Liber Discipuli de eruditione Christifidelium (3) De eruditione christifidelium
IDD-077,Johannes Herolt,100162495,(1) Discipulus de Eruditione christifidelium (2) Liber Discipuli de eruditione Christifidelium (3) De eruditione christifidelium
IDD-078,Johannes Herolt,100162495,(1) Discipulus de Eruditione christifidelium (2) Liber Discipuli de eruditione Christifidelium (3) De eruditione christifidelium
IDD-079,Johannes Herolt,100162495,(1) Discipulus de Eruditione christifidelium (2) Liber Discipuli de eruditione Christifidelium (3) De eruditione christifidelium
IDD-080,Johannes Reuchlin,118744658,Tütsch missive
IDD-081,Bartholomaeus Stein,119838311,"Ducum, judicum, regum Israhelitici populi cumo ex sacris tum prophanis literis hystorica methodus"
IDD-082,Pamphilus Gengenbach,11853842X,"Das ist ein erschrockenliche history von fünff schnöden juden, wie sie das bild Marie verspottetund durchstochen haben"
IDD-083,"Rabi Samuel (i.e. Alfonsus Bonihominis, GND 119061481)","102849587 (i.e. Alfonsus Bonihominis, GND 119061481)","(1) Epistola ad R. Isaac de adventu Messiae quem Judaei temere expectant (2) Epistola contra Judaeorum errores. Tr: Alphonsus Boni Hominis (3) Quod Judaei messiam, qui venit seu venturum, temere exspectent"
IDD-084,null,null,"Ein gesprech auff das kurtzt zwuschen eynem Christen und Juden auch eynem wyrthe, sampt seynem haußknecht den eckstein Christum betreffendt so noch Goetlicher schrifft abkunterfeyt ist wie alhie beygedruckt figur außweyßet."
IDD-085,"Rabi Samuel (i.e. Alfonsus Bonihominis, GND 119061481)","102849587 (i.e. Alfonsus Bonihominis, GND 119061481)","(1) Epistola ad R. Isaac de adventu Messiae quem Judaei temere expectant (2) Epistola contra Judaeorum errores. Tr: Alphonsus Boni Hominis (3) Quod Judaei messiam, qui venit seu venturum, temere exspectent"
IDD-086,null,null,"Ein hübscher newer leerspruch wie ein münch nach vil disputierens einen verstockten Juden zu Christenlichem glauben bekerte, und wie er den tauff auch gutte underweysung des münchs an nam."
IDD-087,Victor von Carben,119858703,Ein schoen und seüberlich tractat von der edlen reinen und unbefleckten junckfrawschafft Marie der hymelischen Künigin mutter unsers Herren Jesu Christi
IDD-088,null,null,Ein wunderbarlich geschichte. Wye dye merckischen Juden das hochwirdig Sacrament: gekaufft und zu martern sich understanden (USTC)
IDD-089,null,null,Ein wunderbarlich geschichte. Wye dye merckischen Juden das hochwirdig Sacrament: gekaufft und zu martern sich understanden (USTC)
IDD-090,Thomas Murner,118585886,"Enderung und schmach der bildung Marie von den Juden bewissen. vnd zu ewiger gedechtnüss durch Maximilianum den römischen keyser zu malen verschaffet in der löblichen stat kolmer, von dannen sy ouch ewig vertriben syndt"
IDD-091,Victor von Carben,119858703,"Eyn schoin vnd suberlich tractat von der edele reyne vnd vnbefleckte junckfrouschaff Marie, etc."
IDD-092,null,null,Ein wunderbarlich geschichte. Wye dye merckischen Juden das hochwirdig Sacrament: gekaufft und zu martern sich understanden (USTC)
IDD-093,null,null,Ein wunderbarlich geschichte. Wye dye merckischen Juden das hochwirdig Sacrament: gekaufft und zu martern sich understanden (USTC)
IDD-094,null,null,Ein wunderbarlich geschichte. Wye dye merckischen Juden das hochwirdig Sacrament: gekaufft und zu martern sich understanden (USTC)
IDD-095,Konrad Celtis,118519891,"De origine, situ, moribus et institutis Norinbergae"
IDD-096,Thomas Murner,118585886,Benedicite judeorum uti soliti sut ante et post cibi suptionem Benedicere et gratias agere deo egregio doctore thoma murner Argentinensi ordinis minorum interprete.
IDD-097,Thomas Murner,118585886,Huqah ha-pesah. Ritus et celebratio Phase Tudeorum cum orationibus eorum et benedictionibus mense ad litteram interpretatis (etc.) Per Thomam Munner ex Hebreo in Lateinum traducta.
IDD-098,Johannes Pfefferkorn,118848801,Handspiegel
IDD-099,Marcus Antonius Sabellicus,100960170,"Historia hebreorum ex ... Enneadibus excerpta, eius gentis ritus, leges & gesta, ab orbe co(n)dito ad Iesu Christi te(m)pora ... co(m)plectens (etc.)"
IDD-100,null,null,Hierinn auff das kürtzest ist angezaigt der dreien glauben
IDD-101,null,null,Hierinn auff das kürtzest ist angezaigt der dreien glauben
IDD-102,Johannes Pfefferkorn,118848801,Judenfeind
IDD-103,Johannes Pfefferkorn,118848801,Judenfeind
IDD-104,Johannes Pfefferkorn,118848801,Osterbüchlein
IDD-105,Johannes Pfefferkorn,118848801,Osterbüchlein
IDD-106,Johannes Pfefferkorn,118848801,Judenbeichte
IDD-107,Johannes Pfefferkorn,118848801,Judenbeichte
IDD-108,Johannes Pfefferkorn,118848801,Judenbeichte
IDD-109,Johannes Pfefferkorn,118848801,Judenbeichte
IDD-110,Johannes Pfefferkorn,118848801,Judenbeichte
IDD-111,Johannes Pfefferkorn,118848801,Zu Lob und Ehre
IDD-112,Johannes Pfefferkorn,118848801,Judenbeichte
IDD-113,Johannes Pfefferkorn,118848801,Judenbeichte
IDD-114,Giovanni Boccaccio,11851217X,"(1) Decamerone (Auzug: V, 1 Cimone). (2) Mythica historia Cymonis"
IDD-115,Giovanni Boccaccio,11851217X,"(1) Decamerone (Auzug: V, 1 Cimone). (2) Mythica historia Cymonis"
IDD-116,Victor von Carben,119858703,De vita et moribus Judaeorum
IDD-117,Theobaldus de Sexannia,100961932,(1) Pharetra fidei contra Iudaeos (2) Pharetra fidei catholice
IDD-118,Theobaldus de Sexannia,100961932,(1) Pharetra fidei contra Iudaeos (2) Pharetra fidei catholice
IDD-119,Theobaldus de Sexannia,100961932,(1) Pharetra fidei contra Iudaeos (2) Pharetra fidei catholice
IDD-120,Theobaldus de Sexannia,100961932,(1) Pharetra fidei contra Iudaeos (2) Pharetra fidei catholice
IDD-121,Victor von Carben,119858703,Propugnaculum fidei Christiane victoris de carben primum judei rabi et legisperiti. Nuc Christiani sacerdois. Instar dyalogi Christianum et judeum disputatores introducens
IDD-122,Ulrich Zasius,118772295,Questiones: de paruulis judeorum baptisandis: a communi doctorum assertione dissidentes. In quibus preter stili nitorem: rara: jucunda et grata invenias. Ab excellentiss. Viro Udalrico Zasio: legum doctore: earundemque in gymnasio Friburgeñ. Ordinario: edite.
IDD-123,"Rabi Samuel (i.e. Alfonsus Bonihominis, GND 119061481)","102849587 (i.e. Alfonsus Bonihominis, GND 119061481)","(1) Epistola ad R. Isaac de adventu Messiae quem Judaei temere expectant (2) Epistola contra Judaeorum errores. Tr: Alphonsus Boni Hominis (3) Quod Judaei messiam, qui venit seu venturum, temere exspectent"
IDD-124,Nicolaus de Lyra,119238683,(1) Contra perfidiam Judaeorum (2) Quaestio de probatione per scripturas a Judaeis receptas
IDD-124,Nicolaus de Lyra,119238683,(Contra quenda(m) iud(a)eum ex verbis evangelii / christum et eius doctinam impugnantem)
IDD-125,Johannes Pfefferkorn,118848801,Judenspiegel
IDD-126,Johannes Pfefferkorn,118848801,Judenspiegel
IDD-127,Johannes Pfefferkorn,118848801,Judenspiegel
IDD-128,Johannes Pfefferkorn,118848801,Streitbüchlein
IDD-129,Johannes Pfefferkorn,118848801,Sturmglocke
IDD-130,Hans Folz,118534211,Von dem Kunig Salomon und Marckolffo und einem narrn ein huebsch faßnacht spil new gemacht.
IDD-131,null,null,Von dem untrenlichen ungenaeten rock unsers Herren Jesu Christi den im sein ausserwelte muter selbs gewürckt hat wie der ainem alten Juden gegeben ward. und nach vil Geschichten wunderbarlich ainem Künig (arenndel genant) worden ist der in gen Trier bracht auch yetzo auff dem grossen Reichstag zu Trier in gegenwertigkait Roemischer Kaiserlicher Majestat und anderer Stende des Hailigen Reichs erfunden
IDD-132,null,null,Von dem untrenlichen ungenaeten rock unsers Herren Jesu Christi den im sein ausserwelte muter selbs gewürckt hat wie der ainem alten Juden gegeben ward. und nach vil Geschichten wunderbarlich ainem Künig (arenndel genant) worden ist der in gen Trier bracht auch yetzo auff dem grossen Reichstag zu Trier in gegenwertigkait Roemischer Kaiserlicher Majestat und anderer Stende des Hailigen Reichs erfunden
IDD-133,"Johannes von Capestrano, Johannes de Capestrano, Johannes de Capistrano",118712632,Vita Johannis capistrani. Sermones eiusdem.
IDD-134,null,null,Von ainer grosse meng unnd gewalt der Juden die lange zeyt mit unwonhafftigen wuesten beschlossen und verborgen gewesen yetzunder auß gebrochen und an tag kommen seyn dreyssig tag rayß von Jherusalem sich nyder geschlagen was sy fürgenommen haben findt man nach laut dises sendbrieffs zum tayl glaubliche underricht.
IDD-136,null,null,Wie zu plonig ein crist eyns Jueden tochter schwanger macht und sie vermeynt sie hett von eynem Engel der Jueden Messiam entpfangen. Im spaeten thon.
IDD-137,null,null,Lied über den Judenfrevel zu Deggendorf: Geschichte der Juden zu Deggendorf mit dem Heiligen Sakrament
IDD-138,Johannes Pfefferkorn,118848801,Zu Lob und Ehre
IDD-139,"Rabi Samuel (i.e. Alfonsus Bonihominis, GND 119061481)","102849587 (i.e. Alfonsus Bonihominis, GND 119061481)","(1) Epistola ad R. Isaac de adventu Messiae quem Judaei temere expectant (2) Epistola contra Judaeorum errores. Tr: Alphonsus Boni Hominis (3) Quod Judaei messiam, qui venit seu venturum, temere exspectent"
IDD-140,Nicolaus de Lyra,119238683,(1) Contra perfidiam Judaeorum (2) Quaestio de probatione per scripturas a Judaeis receptas
IDD-141,Nicolaus de Lyra,119238683,(1) Contra perfidiam Judaeorum (2) Quaestio de probatione per scripturas a Judaeis receptas
IDD-142,Nicolaus de Lyra,119238683,(1) Contra perfidiam Judaeorum (2) Quaestio de probatione per scripturas a Judaeis receptas
IDD-143,Nicolaus de Lyra,119238683,(1) Contra perfidiam Judaeorum (2) Quaestio de probatione per scripturas a Judaeis receptas
IDD-144,Nicolaus de Lyra,119238683,(1) Contra perfidiam Judaeorum (2) Quaestio de probatione per scripturas a Judaeis receptas
IDD-145,Nicolaus de Lyra,119238683,(1) Contra perfidiam Judaeorum (2) Quaestio de probatione per scripturas a Judaeis receptas
IDD-146,Nicolaus de Lyra,119238683,(1) Contra perfidiam Judaeorum (2) Quaestio de probatione per scripturas a Judaeis receptas
IDD-147,Theobaldus de Sexannia,100961932,(1) Pharetra fidei contra Iudaeos (2) Pharetra fidei catholice
IDD-148,Theobaldus de Sexannia,100961932,(1) Pharetra fidei contra Iudaeos (2) Pharetra fidei catholice
IDD-149,Theobaldus de Sexannia,100961932,(1) Pharetra fidei contra Iudaeos (2) Pharetra fidei catholice
IDD-150,Theobaldus de Sexannia,100961932,(1) Pharetra fidei contra Iudaeos (2) Pharetra fidei catholice
IDD-151,null,null,"(1) Seelen-Wurzgarten, Teil I. (2) Bewährung, dass die Juden irrenBewährung, dass die Juden irren"
IDD-152,null,null,"(1) Seelen-Wurzgarten, Teil I. (2) Bewährung, dass die Juden irrenBewährung, dass die Juden irren"
IDD-153,null,null,"(1) Seelen-Wurzgarten, Teil I. (2) Bewährung, dass die Juden irrenBewährung, dass die Juden irren"
IDD-154,Bernhardin von Siena,11850987X,Speculum peccatorum de contemptu mundi
IDD-155,Alexander de Nevo,100954340,Consilia contra Judaeos foenerantes
IDD-156,Alfonsus de Spina,119229781,Fortalitium fidei
IDD-157,Alfonsus de Spina,119229781,Fortalitium fidei
IDD-158,Alfonsus de Spina,119229781,Fortalitium fidei
IDD-159,Alfonsus de Spina,119229781,Fortalitium fidei
IDD-160,Bernhardin von Siena,11850987X,De contractibus et usuris
IDD-161,Bernhardin von Siena,11850987X,Quadragesimale de christiana Religiouse
IDD-162,Bernhardin von Siena,11850987X,Sermo de gloriosa Virgine Maria
IDD-163,Bernhardin von Siena,11850987X,Sermones de evangelio aeterno
IDD-164,Bernhardin von Siena,11850987X,Sermones de evangelio aeterno
IDD-165,Bernhardin von Siena,11850987X,Sermones de festivitatibus Virginis gloriosae
IDD-166,Bernhardin von Siena,11850987X,Speculum peccatorum de contemptu mundi
IDD-167,Giovanni Boccaccio,11851217X,"(1) Decamerone (Auzug: V, 1 Cimone). (2) Mythica historia Cymonis"
IDD-168,Giovanni Boccaccio,11851217X,"(1) Decamerone (Auzug: V, 1 Cimone). (2) Mythica historia Cymonis"
IDD-169,Giovanni Boccaccio,11851217X,"(1) Decamerone (Auzug: V, 1 Cimone). (2) Mythica historia Cymonis"
IDD-170,null,null,Lied über den Judenfrevel zu Deggendorf: Geschichte der Juden zu Deggendorf mit dem Heiligen Sakrament
IDD-171,Johannes Duns Scotus,118528165,(1) Quaestiones in quattuor libros Sententiarum (2) Quaestiones in quattuor libros Sententiarum Petri Lombardi
IDD-172,Johannes Duns Scotus,118528165,(1) Quaestiones in quattuor libros Sententiarum (2) Quaestiones in quattuor libros Sententiarum Petri Lombardi
IDD-173,Johannes Duns Scotus,118528165,(1) Quaestiones in quattuor libros Sententiarum (2) Quaestiones in quattuor libros Sententiarum Petri Lombardi
IDD-174,Hans Folz,118534211,Krieg des Dichters wider einen Juden
IDD-175,Hans Folz,118534211,(1) Von der Juden Messias (2) Der falsche Messias (Schreckenberg)
IDD-176,Hans Folz,118534211,(1) Von der Juden Messias (2) Der falsche Messias (Schreckenberg)
IDD-177,Hans Folz,118534211,(1) Die Rechnung Ruprecht Kolpergers (GW) (2) Jüdischer Wucher (Schreckenberg)
IDD-178,Hans Folz,118534211,(1) Die Rechnung Ruprecht Kolpergers (GW) (2) Jüdischer Wucher (Schreckenberg)
IDD-179,Hans Folz,118534211,(1) Die Rechnung Ruprecht Kolpergers (GW) (2) Jüdischer Wucher (Schreckenberg)
IDD-180,"Freidank, Frydank",118535188,"(1) Bescheidenheit. (2) Proverbia eloquentis Freidanks, (3) Proverbia eloquentis Freydangks innumeras in se utilitates complectentia"
IDD-181,Heinrich von Langenstein,118548395,Tractatus contra Iudaeos
IDD-182,"Johannes Baptista Gratia Dei , Giovanni Battista Graziadei",102487405,(1) Liber de confutatione hebrayce secte (2) De confutatione hebraicae sectae
IDD-183,"Guilelmus Arvernus, Wilhelm von Auvergne, Guillaume d'Auvergne",118632981,Opera
IDD-184,"Guilelmus Arvernus, Wilhelm von Auvergne, Guillaume d'Auvergne",118632981,De universo
IDD-185,"Guilelmus Arvernus, Wilhelm von Auvergne, Guillaume d'Auvergne",118632981,(1) De fide et legibus (2) De fide. De legibus.
IDD-186,Johannes Herolt,100162495,(1) Discipulus de Eruditione christifidelium (2) Liber Discipuli de eruditione Christifidelium (3) De eruditione christifidelium
IDD-187,Johannes Herolt,100162495,(1) Discipulus de Eruditione christifidelium (2) Liber Discipuli de eruditione Christifidelium (3) De eruditione christifidelium
IDD-188,Johannes Herolt,100162495,(1) Discipulus de Eruditione christifidelium (2) Liber Discipuli de eruditione Christifidelium (3) De eruditione christifidelium
IDD-189,Johannes Herolt,100162495,(1) Discipulus de Eruditione christifidelium (2) Liber Discipuli de eruditione Christifidelium (3) De eruditione christifidelium
IDD-190,Johannes Herolt,100162495,(1) Discipulus de Eruditione christifidelium (2) Liber Discipuli de eruditione Christifidelium (3) De eruditione christifidelium
IDD-191,Johannes Herolt,100162495,(1) Discipulus de Eruditione christifidelium (2) Liber Discipuli de eruditione Christifidelium (3) De eruditione christifidelium
IDD-192,Johannes Herolt,100162495,(1) Discipulus de Eruditione christifidelium (2) Liber Discipuli de eruditione Christifidelium (3) De eruditione christifidelium
IDD-193,"Johannes von Capestrano, Johannes de Capestrano, Johannes de Capistrano",118712632,De cupiditate
IDD-194,"Nikolaus von Dinkelsbühl, Nicolaus de Dinkelsbühl, Nicolaus de Dinkelsbuel, Nikolaus Prunczlein von Dinkelsbühl",11921587X,Postilla cum sermonibus evangeliorum dominicalium
IDD-195,"Petrus Nigri, Peter Schwarz, Petrus Niger (GW, ISTC, USTC)",100958079,Contra perfides Judaeos de conditionibus veri Messiae
IDD-196,"Petrus Nigri, Peter Schwarz, Petrus Niger (GW, ISTC, USTC)",100958079,Contra perfidos Judaeos de conditionibus veri Messiae
IDD-197,null,null,Geschichte der Juden von Passau mit dem Sakrament im Jahr 1477
IDD-198,null,null,Geschichte der Juden von Passau mit dem Sakrament im Jahr 1477
IDD-199,"Paulus Burgensis, Paulus von Burgos, Paulus de Santa Maria, Pablo de Santa Maria, Salomo ben Levi",119105144,Scrutinium scripturarum
IDD-200,"Paulus Burgensis, Paulus von Burgos, Paulus de Santa Maria, Pablo de Santa Maria, Salomo ben Levi",119105144,Scrutinium scripturarum
IDD-201,"Paulus Burgensis, Paulus von Burgos, Paulus de Santa Maria, Pablo de Santa Maria, Salomo ben Levi",119105144,Scrutinium scripturarum
IDD-202,null,null,Wie zu Plonig ein Christ eines Juden Tochter schwanger machte (Lied)
IDD-203,"Rabi Samuel (i.e. Alfonsus Bonihominis, GND 119061481)","102849587 (i.e. Alfonsus Bonihominis, GND 119061481)","(1) Epistola ad R. Isaac de adventu Messiae quem Judaei temere expectant (2) Epistola contra Judaeorum errores. Tr: Alphonsus Boni Hominis (3) Quod Judaei messiam, qui venit seu venturum, temere exspectent"
IDD-204,"Rabi Samuel (i.e. Alfonsus Bonihominis, GND 119061481)","102849587 (i.e. Alfonsus Bonihominis, GND 119061481)","(1) Epistola ad R. Isaac de adventu Messiae quem Judaei temere expectant (2) Epistola contra Judaeorum errores. Tr: Alphonsus Boni Hominis (3) Quod Judaei messiam, qui venit seu venturum, temere exspectent"
IDD-205,"Rabi Samuel (i.e. Alfonsus Bonihominis, GND 119061481)","102849587 (i.e. Alfonsus Bonihominis, GND 119061481)","(1) Epistola ad R. Isaac de adventu Messiae quem Judaei temere expectant (2) Epistola contra Judaeorum errores. Tr: Alphonsus Boni Hominis (3) Quod Judaei messiam, qui venit seu venturum, temere exspectent"
IDD-206,"Rabi Samuel (i.e. Alfonsus Bonihominis, GND 119061481)","102849587 (i.e. Alfonsus Bonihominis, GND 119061481)","(1) Epistola ad R. Isaac de adventu Messiae quem Judaei temere expectant (2) Epistola contra Judaeorum errores. Tr: Alphonsus Boni Hominis (3) Quod Judaei messiam, qui venit seu venturum, temere exspectent"
IDD-207,"Rabi Samuel (i.e. Alfonsus Bonihominis, GND 119061481)","102849587 (i.e. Alfonsus Bonihominis, GND 119061481)","(1) Epistola ad R. Isaac de adventu Messiae quem Judaei temere expectant (2) Epistola contra Judaeorum errores. Tr: Alphonsus Boni Hominis (3) Quod Judaei messiam, qui venit seu venturum, temere exspectent"
IDD-208,"Rabi Samuel (i.e. Alfonsus Bonihominis, GND 119061481)","102849587 (i.e. Alfonsus Bonihominis, GND 119061481)","(1) Epistola ad R. Isaac de adventu Messiae quem Judaei temere expectant (2) Epistola contra Judaeorum errores. Tr: Alphonsus Boni Hominis (3) Quod Judaei messiam, qui venit seu venturum, temere exspectent"
IDD-209,Sifridus de Arena,104209658,Determinatio duarum quaestionum.
IDD-210,Sifridus de Arena,104209658,Responsio ad quattuor quaestiones
IDD-211,null,null,Historia S. Simonis Tridentini
IDD-212,null,null,Geschichte der Juden zu Sternberg mit dem Sakrament
IDD-213,null,null,Geschichte der Juden zu Sternberg mit dem Sakrament
IDD-214,null,null,Geschichte der Juden zu Sternberg mit dem Sakrament
IDD-215,null,null,Geschichte der Juden zu Sternberg mit dem Sakrament
IDD-216,null,null,Geschichte der Juden zu Sternberg mit dem Sakrament
IDD-217,null,null,Geschichte der Juden zu Sternberg mit dem Sakrament
IDD-218,null,null,Geschichte der Juden zu Sternberg mit dem Sakrament
IDD-219,Theobaldus de Sexannia,100961932,(1) Pharetra fidei contra Iudaeos (2) Pharetra fidei catholice
IDD-220,Theobaldus de Sexannia,100961932,(1) Pharetra fidei contra Iudaeos (2) Pharetra fidei catholice
IDD-221,Theobaldus de Sexannia,100961932,(1) Pharetra fidei contra Iudaeos (2) Pharetra fidei catholice
IDD-222,Theobaldus de Sexannia,100961932,(1) Pharetra fidei contra Iudaeos (2) Pharetra fidei catholice
IDD-223,Thomas von Aquin,118622110,(1) Epistola ad ducissam Brabantie (2) De regimine Judaeorum
IDD-224,Thomas von Aquin,118622110,(1) Epistola ad ducissam Brabantie (2) De regimine Judaeorum
IDD-225,Thomas von Aquin,118622110,(1) Epistola ad ducissam Brabantie (2) De regimine Judaeorum
IDD-226,Thomas von Aquin,118622110,(1) Epistola ad ducissam Brabantie (2) De regimine Judaeorum
IDD-227,Thomas von Aquin,118622110,(1) Epistola ad ducissam Brabantie (2) De regimine Judaeorum
IDD-228,Thomas von Aquin,118622110,(1) Epistola ad ducissam Brabantie (2) De regimine Judaeorum
IDD-229,Thomas von Aquin,118622110,(1) Epistola ad ducissam Brabantie (2) De regimine Judaeorum
IDD-230,Thomas von Aquin,118622110,(1) Epistola ad ducissam Brabantie (2) De regimine Judaeorum
IDD-231,Thomas von Aquin,118622110,(1) Epistola ad ducissam Brabantie (2) De regimine Judaeorum
IDD-232,Thomas von Aquin,118622110,(1) Epistola ad ducissam Brabantie (2) De regimine Judaeorum
IDD-233,"Johannes Matthias Tuberinus, Johannes Mathias Tuberinus",104366281,(1) Relatio de Simone puero tridentino (ISTC) (2) De Simone puero tridentino (GW)
IDD-234,"Johannes Matthias Tuberinus, Johannes Mathias Tuberinus",104366281,(1) Relatio de Simone puero tridentino (ISTC) (2) De Simone puero tridentino (GW)
IDD-235,"Johannes Matthias Tuberinus, Johannes Mathias Tuberinus",104366281,(1) Relatio de Simone puero tridentino (ISTC) (2) De Simone puero tridentino (GW)
IDD-236,"Johannes Matthias Tuberinus, Johannes Mathias Tuberinus",104366281,(1) Relatio de Simone puero tridentino (ISTC) (2) De Simone puero tridentino (GW)
IDD-237,"Johannes Matthias Tuberinus, Johannes Mathias Tuberinus",104366281,(1) Relatio de Simone puero tridentino (ISTC) (2) De Simone puero tridentino (GW)
IDD-238,null,null,"Notariatsinstrument betreffend die Streitigkeiten mit dem Freigrafen Hans Volmar genannt von Twern zu Freienhagen wegen der Wormser Juden, 10 Dec. 1490. Johannes Stol: Vollmacht für Heinrich Walck, Speyer, 14 Oct. 1488. Sixtus IV: Bulla 8 July 1480 Roman"
IDD-239,null,null,null
IDD-240,Hans Sachs (Schöner),null,(1) Wer hat ye grösser clag erhort Der Tyran mich erschrocklich sport (USTC). (2) Wer hat ye groͤsser clag erhort (Schöner. Incipit)
IDD-241,Alfonsus de Spina,119229781,Fortalitium fidei
IDD-242,Bernhardin von Siena,11850987X,Quadragesimale de christiana Religiouse
IDD-243,Johannes Duns Scotus,118528165,(1) Quaestiones in quattuor libros Sententiarum (2) Quaestiones in quattuor libros Sententiarum Petri Lombardi
IDD-244,Giovanni Boccaccio,11851217X,"(1) Decamerone (Auzug: V, 1 Cimone). (2) Mythica historia Cymonis"
IDD-245,Theobaldus de Sexannia,100961932,Dialogus pro Ecclesia contra Synagogam
IDD-246,"Rabi Samuel (i.e. Alfonsus Bonihominis, GND 119061481)","102849587 (i.e. Alfonsus Bonihominis, GND 119061481)","(1) Epistola ad R. Isaac de adventu Messiae quem Judaei temere expectant (2) Epistola contra Judaeorum errores. Tr: Alphonsus Boni Hominis (3) Quod Judaei messiam, qui venit seu venturum, temere exspectent"
IDD-247,Giovanni Boccaccio,11851217X,"(1) Decamerone (Auzug: V, 1 Cimone). (2) Mythica historia Cymonis"
IDD-248,"Rabi Samuel (i.e. Alfonsus Bonihominis, GND 119061481)","102849587 (i.e. Alfonsus Bonihominis, GND 119061481)","(1) Epistola ad R. Isaac de adventu Messiae quem Judaei temere expectant (2) Epistola contra Judaeorum errores. Tr: Alphonsus Boni Hominis (3) Quod Judaei messiam, qui venit seu venturum, temere exspectent"
IDD-249,"Rabi Samuel (i.e. Alfonsus Bonihominis, GND 119061481)","102849587 (i.e. Alfonsus Bonihominis, GND 119061481)","(1) Epistola ad R. Isaac de adventu Messiae quem Judaei temere expectant (2) Epistola contra Judaeorum errores. Tr: Alphonsus Boni Hominis (3) Quod Judaei messiam, qui venit seu venturum, temere exspectent"
IDD-250,Nicolaus de Lyra,119238683,(1) Contra perfidiam Judaeorum (2) Quaestio de probatione per scripturas a Judaeis receptas
IDD-251,Giovanni Boccaccio,11851217X,"(1) Decamerone (Auzug: V, 1 Cimone). (2) Mythica historia Cymonis"
IDD-252,Alfonsus de Spina,119229781,Fortalitium fidei
IDD-253,"Rabi Samuel (i.e. Alfonsus Bonihominis, GND 119061481)","102849587 (i.e. Alfonsus Bonihominis, GND 119061481)","(1) Epistola ad R. Isaac de adventu Messiae quem Judaei temere expectant (2) Epistola contra Judaeorum errores. Tr: Alphonsus Boni Hominis (3) Quod Judaei messiam, qui venit seu venturum, temere exspectent"
IDD-254,Giovanni Boccaccio,11851217X,"(1) Decamerone (Auzug: V, 1 Cimone). (2) Mythica historia Cymonis"
IDD-255,null,null,Tractatulus valde utilis ad convincendum Iudeos de errore suo: quem habent de messia ad huc venturo: et observantia legis Mosayce. Epistola Pilati Tiberio imperatori de Christo
IDD-256,null,null,Disputatio unius mercatoris Ianuensis facta Maiorice contra quosdam sapientissimos Iudeos de Messia
IDD-257,null,null,Sal foederis contra Judaeos
IDD-258,"Cyprian Benet, Cipriano Benetó",119617420,Aculeus contra Judeos
IDD-259,Petrus Colonna GaLateino,12485382X,Opus de arcanis catholicae veritatis
IDD-260,Giovanni Boccaccio,11851217X,"(1) Decamerone (Auzug: V, 1 Cimone). (2) Mythica historia Cymonis"
IDD-261,Giovanni Boccaccio,11851217X,"(1) Decamerone (Auzug: V, 1 Cimone). (2) Mythica historia Cymonis"
IDD-262,Giovanni Boccaccio,11851217X,"(1) Decamerone (Auzug: V, 1 Cimone). (2) Mythica historia Cymonis"
IDD-263,Giovanni Boccaccio,11851217X,"(1) Decamerone (Auzug: V, 1 Cimone). (2) Mythica historia Cymonis"
IDD-264,Giovanni Boccaccio,11851217X,"(1) Decamerone (Auzug: V, 1 Cimone). (2) Mythica historia Cymonis"
IDD-265,Giovanni Boccaccio,11851217X,"(1) Decamerone (Auzug: V, 1 Cimone). (2) Mythica historia Cymonis"
IDD-266,Giovanni Boccaccio,11851217X,"(1) Decamerone (Auzug: V, 1 Cimone). (2) Mythica historia Cymonis"
IDD-267,Giovanni Boccaccio,11851217X,"(1) Decamerone (Auzug: V, 1 Cimone). (2) Mythica historia Cymonis"
IDD-268,Giovanni Boccaccio,11851217X,"(1) Decamerone (Auzug: V, 1 Cimone). (2) Mythica historia Cymonis"
IDD-269,Giovanni Boccaccio,11851217X,"(1) Decamerone (Auzug: V, 1 Cimone). (2) Mythica historia Cymonis"
IDD-270,Giovanni Boccaccio,11851217X,"(1) Decamerone (Auzug: V, 1 Cimone). (2) Mythica historia Cymonis"
IDD-271,Giovanni Boccaccio,11851217X,"(1) Decamerone (Auzug: V, 1 Cimone). (2) Mythica historia Cymonis"
IDD-272,Giovanni Boccaccio,11851217X,"(1) Decamerone (Auzug: V, 1 Cimone). (2) Mythica historia Cymonis"
IDD-273,Antonio Borromeo,100050654,"Opusculum lepidissimum ac pene divinum domini Antonii Bonromei comitis, et equitis artiumque ac iuris utriusque eximii, de Christiana religione contra Hebraeos"
IDD-274,Petrus Colonna GaLateino,12485382X,Opus de arcanis catholicae veritatis
IDD-275,Paolo Ricci,124523099?,"De sexcentum et tredecim mosaice sanctionis edictis. Philosophica, prophetica ac talmudistica (pro christiana veritate tuenda) cum iuniori Hebraeorum synagoga disputatio. In cabalistarum seu allegorizantium eruditionem ysagoge. De novemdoctrinarum ordinibus et totius perypatetici dogmatis nexu compendium: conclusiones atque oratio"
IDD-276,"Rabi Samuel (i.e. Alfonsus Bonihominis, GND 119061481)","102849587 (i.e. Alfonsus Bonihominis, GND 119061481)","(1) Epistola ad R. Isaac de adventu Messiae quem Judaei temere expectant (2) Epistola contra Judaeorum errores. Tr: Alphonsus Boni Hominis (3) Quod Judaei messiam, qui venit seu venturum, temere exspectent"
IDD-277,"Rabi Samuel (i.e. Alfonsus Bonihominis, GND 119061481)","102849587 (i.e. Alfonsus Bonihominis, GND 119061481)","(1) Epistola ad R. Isaac de adventu Messiae quem Judaei temere expectant (2) Epistola contra Judaeorum errores. Tr: Alphonsus Boni Hominis (3) Quod Judaei messiam, qui venit seu venturum, temere exspectent"
IDD-278,"Rabi Samuel (i.e. Alfonsus Bonihominis, GND 119061481)","102849587 (i.e. Alfonsus Bonihominis, GND 119061481)","(1) Epistola ad R. Isaac de adventu Messiae quem Judaei temere expectant (2) Epistola contra Judaeorum errores. Tr: Alphonsus Boni Hominis (3) Quod Judaei messiam, qui venit seu venturum, temere exspectent"
IDD-279,"Rabi Samuel (i.e. Alfonsus Bonihominis, GND 119061481)","102849587 (i.e. Alfonsus Bonihominis, GND 119061481)","(1) Epistola ad R. Isaac de adventu Messiae quem Judaei temere expectant (2) Epistola contra Judaeorum errores. Tr: Alphonsus Boni Hominis (3) Quod Judaei messiam, qui venit seu venturum, temere exspectent"
IDD-280,"Rabi Samuel (i.e. Alfonsus Bonihominis, GND 119061481)","102849587 (i.e. Alfonsus Bonihominis, GND 119061481)","(1) Epistola ad R. Isaac de adventu Messiae quem Judaei temere expectant (2) Epistola contra Judaeorum errores. Tr: Alphonsus Boni Hominis (3) Quod Judaei messiam, qui venit seu venturum, temere exspectent"
IDD-281,"Johannes Matthias Tuberinus, Johannes Mathias Tuberinus",104366281,(1) Relatio de Simone puero tridentino (ISTC) (2) De Simone puero tridentino (GW)
IDD-282,"Johannes Matthias Tuberinus, Johannes Mathias Tuberinus",104366281,(1) Relatio de Simone puero tridentino (ISTC) (2) De Simone puero tridentino (GW)
IDD-283,"Johannes Matthias Tuberinus, Johannes Mathias Tuberinus",104366281,(1) Relatio de Simone puero tridentino (ISTC) (2) De Simone puero tridentino (GW)
IDD-284,"Johannes Matthias Tuberinus, Johannes Mathias Tuberinus",104366281,(1) Relatio de Simone puero tridentino (ISTC) (2) De Simone puero tridentino (GW)
IDD-285,"Johannes Matthias Tuberinus, Johannes Mathias Tuberinus",104366281,(1) Relatio de Simone puero tridentino (ISTC) (2) De Simone puero tridentino (GW)
IDD-286,"Johannes Matthias Tuberinus, Johannes Mathias Tuberinus",104366281,(1) Relatio de Simone puero tridentino (ISTC) (2) De Simone puero tridentino (GW)
IDD-287,"Johannes Matthias Tuberinus (GW), Johannes Mathias Tuberinus (ISTC)",104366281,(1) Relatio de Simone puero tridentino (ISTC) (2) De Simone puero tridentino (GW)
IDD-288,"Johannes Matthias Tuberinus, Johannes Mathias Tuberinus",104366281,(1) Relatio de Simone puero tridentino (ISTC) (2) De Simone puero tridentino (GW)
IDD-289,"Johannes Matthias Tuberinus, Johannes Mathias Tuberinus",104366281,(1) Relatio de Simone puero tridentino (ISTC) (2) De Simone puero tridentino (GW)
IDD-290,"Johannes Matthias Tuberinus, Johannes Mathias Tuberinus",104366281,(1) Relatio de Simone puero tridentino (ISTC) (2) De Simone puero tridentino (GW)
IDD-291,"Johannes Matthias Tuberinus, Johannes Mathias Tuberinus",104366281,Historia completa de passione et obitu pueri Simonis. Miracula beati Simonis. Lamentationes beati Simonis ('Sum puer ille Simon')
IDD-292,"Johannes Matthias Tuberinus, Johannes Mathias Tuberinus",104366281,(1) Epitaphium S. Simonis Tridentini (GW) (2) Epitaphium gloriosi pueri Simonis Tridentini novi martyris (Lamentationes beati Simonis ('Sum puer ille Simon')) (ISTC)
IDD-293,"Johannes Matthias Tuberinus, Johannes Mathias Tuberinus",104366281,Epigrammata aliaque carmina in beatum Simonem (Lamentationes beati Simonis ('Sum puer ille Simon') etc)
IDD-294,Thomas von Aquin,118622110,(1) Epistola ad ducissam Brabantie (2) De regimine Judaeorum
IDD-295,Thomas von Aquin,118622110,(1) Epistola ad ducissam Brabantie (2) De regimine Judaeorum
IDD-296,Sylvester de Balneoregio,12907019X,Conclusiones cum earum declarationibus super canonizatione Simonis Tridentini
IDD-297,"Giorgio Sommariva, Georgius Summaripak",124959409X,"Martirio di Simone da Trento. Add: Girolamo Campagnola, Leonardo Montagna, Martirio di Simone da Trento"
IDD-297,Girolamo Campagnola,128867574,Martirio di Simone da Trento
IDD-297,Leonardo Montagna,1020861827,Martirio di Simone da Trento
IDD-298,"Giorgio Sommariva, Georgius Summaripak",124959409X,Martyrium Sebastiani (i.e. Simonis Pueri) novelli trucidati a Judaeis cum processu Tridenti acto (Italian verse)
IDD-299,"Giorgio Sommariva, Georgius Summaripak",124959409X,Martyrium Sebastiani (i.e. Simonis Pueri) novelli trucidati a Judaeis cum processu Tridenti acto (Italian verse)
IDD-300,null,null,Tormenti del Beato Simone da Trento
IDD-301,null,null,Carmina de martyrio eius et contra Judaeos
IDD-302,null,null,Historia S. Simonis Tridentini
IDD-303,null,null,Historia S. Simonis Tridentini
IDD-304,"Rabi Samuel (i.e. Alfonsus Bonihominis, GND 119061481)","102849587 (i.e. Alfonsus Bonihominis, GND 119061481)","(1) Epistola ad R. Isaac de adventu Messiae quem Judaei temere expectant (2) Epistola contra Judaeorum errores. Tr: Alphonsus Boni Hominis (3) Quod Judaei messiam, qui venit seu venturum, temere exspectent"
IDD-305,"Rabi Samuel (i.e. Alfonsus Bonihominis, GND 119061481)","102849587 (i.e. Alfonsus Bonihominis, GND 119061481)","(1) Epistola ad R. Isaac de adventu Messiae quem Judaei temere expectant (2) Epistola contra Judaeorum errores. Tr: Alphonsus Boni Hominis (3) Quod Judaei messiam, qui venit seu venturum, temere exspectent"
IDD-306,"Rabi Samuel (i.e. Alfonsus Bonihominis, GND 119061481)","102849587 (i.e. Alfonsus Bonihominis, GND 119061481)","(1) Epistola ad R. Isaac de adventu Messiae quem Judaei temere expectant (2) Epistola contra Judaeorum errores. Tr: Alphonsus Boni Hominis (3) Quod Judaei messiam, qui venit seu venturum, temere exspectent"
IDD-307,"Rabi Samuel (i.e. Alfonsus Bonihominis, GND 119061481)","102849587 (i.e. Alfonsus Bonihominis, GND 119061481)","(1) Epistola ad R. Isaac de adventu Messiae quem Judaei temere expectant (2) Epistola contra Judaeorum errores. Tr: Alphonsus Boni Hominis (3) Quod Judaei messiam, qui venit seu venturum, temere exspectent"
IDD-308,"Rabi Samuel (i.e. Alfonsus Bonihominis, GND 119061481)","102849587 (i.e. Alfonsus Bonihominis, GND 119061481)","(1) Epistola ad R. Isaac de adventu Messiae quem Judaei temere expectant (2) Epistola contra Judaeorum errores. Tr: Alphonsus Boni Hominis (3) Quod Judaei messiam, qui venit seu venturum, temere exspectent"
IDD-309,"Rabi Samuel (i.e. Alfonsus Bonihominis, GND 119061481)","102849587 (i.e. Alfonsus Bonihominis, GND 119061481)","(1) Epistola ad R. Isaac de adventu Messiae quem Judaei temere expectant (2) Epistola contra Judaeorum errores. Tr: Alphonsus Boni Hominis (3) Quod Judaei messiam, qui venit seu venturum, temere exspectent"
IDD-310,"Rabi Samuel (i.e. Alfonsus Bonihominis, GND 119061481)","102849587 (i.e. Alfonsus Bonihominis, GND 119061481)","(1) Epistola ad R. Isaac de adventu Messiae quem Judaei temere expectant (2) Epistola contra Judaeorum errores. Tr: Alphonsus Boni Hominis (3) Quod Judaei messiam, qui venit seu venturum, temere exspectent"
IDD-311,"Rabi Samuel (i.e. Alfonsus Bonihominis, GND 119061481)","102849587 (i.e. Alfonsus Bonihominis, GND 119061481)","(1) Epistola ad R. Isaac de adventu Messiae quem Judaei temere expectant (2) Epistola contra Judaeorum errores. Tr: Alphonsus Boni Hominis (3) Quod Judaei messiam, qui venit seu venturum, temere exspectent"
IDD-312,"Rabi Samuel (i.e. Alfonsus Bonihominis, GND 119061481)","102849587 (i.e. Alfonsus Bonihominis, GND 119061481)","(1) Epistola ad R. Isaac de adventu Messiae quem Judaei temere expectant (2) Epistola contra Judaeorum errores. Tr: Alphonsus Boni Hominis (3) Quod Judaei messiam, qui venit seu venturum, temere exspectent"
IDD-313,"Paulus Burgensis, Paulus von Burgos, Paulus de Santa Maria, Pablo de Santa Maria, Salomo ben Levi",119105144,Scrutinium scripturarum
IDD-313,"Rabi Samuel (i.e. Alfonsus Bonihominis, GND 119061481)","102849587 (i.e. Alfonsus Bonihominis, GND 119061481)","(1) Epistola ad R. Isaac de adventu Messiae quem Judaei temere expectant (2) Epistola contra Judaeorum errores. Tr: Alphonsus Boni Hominis (3) Quod Judaei messiam, qui venit seu venturum, temere exspectent"
IDD-314,"Paulus Burgensis, Paulus von Burgos, Paulus de Santa Maria, Pablo de Santa Maria, Salomo ben Levi",119105144,Scrutinium scripturarum
IDD-315,Nicolaus de Lyra,119238683,(1) Contra perfidiam Judaeorum (2) Quaestio de probatione per scripturas a Judaeis receptas
IDD-316,Nicolaus de Lyra,119238683,(1) Contra perfidiam Judaeorum (2) Quaestio de probatione per scripturas a Judaeis receptas
IDD-317,Alexander de Nevo,100954340,Consilia contra Judaeos foenerantes
IDD-318,Alexander de Nevo,100954340,Consilia contra Judaeos foenerantes
IDD-319,Alexander de Nevo,100954340,Consilia contra Judaeos foenerantes
IDD-320,Alexander de Nevo,100954340,Consilia contra Judaeos foenerantes
IDD-321,Alexander de Nevo,100954340,Consilia contra Judaeos foenerantes
IDD-322,Alexander de Nevo,100954340,Consilia contra Judaeos foenerantes
IDD-323,Alexander de Nevo,100954340,Consilia contra Judaeos foenerantes
IDD-324,Alexander de Nevo,100954340,Consilia contra Judaeos foenerantes
IDD-325,Alexander de Nevo,100954340,Consilia contra Judaeos foenerantes
IDD-326,Alexander de Nevo,100954340,Consilia contra Judaeos foenerantes
IDD-327,"Paolo Morosini, Paulus Maurocenus",137452691,"(1) De generatione aeterna et temporali Christi (ISTC), (2) De aeterna et temporali generatione Christi (GW)"
IDD-328,Celsus Maffeus,121102726,Dissuasoria ne christiani principes ecclesiasticos usurpent census. Prelim: Domitius Calderinus: Epistola ad Jacobum Card. Papiensem. Hermolaus Barbarus: Epistola ad Celsum Maffeum
IDD-329,Antonius Lollius,102558884,Oratio Passionis dominicae coram Innocentio VIII habita contra Judaeorum perfidiam (USTC)
IDD-330,Antonius Lollius,102558884,Oratio Passionis dominicae coram Innocentio VIII habita contra Judaeorum perfidiam (USTC)
IDD-331,"Matheus Künig, Matthäus Künig",136588840,(1) Gedicht von dem getöteten Knaben Simon von Trient (ISTC) (2) Lied bzw. Reimlegende von Simon von Trient (GW)
IDD-332,Johannes Treviensis,100949436),Oratio de veri Messiae adventu
IDD-333,Johannes de Lübeck,12700534X,Prognosticon super Antichristi adventu Judaeorumque Messiae
IDD-334,"Isidorus von Sevilla, Isidorus Hispalensis",118555995,De fide catholica contra Judaeos
IDD-335,"Johannes Baptista Gratia Dei , Giovanni Battista Graziadei",102487405,(1) Liber de confutatione hebrayce secte (2) De confutatione hebraicae sectae
IDD-336,Johannes Duns Scotus,118528165,(1) Quaestiones in quattuor libros Sententiarum (2) Quaestiones in quattuor libros Sententiarum Petri Lombardi
IDD-337,Johannes Duns Scotus,118528165,(1) Quaestiones in quattuor libros Sententiarum (2) Quaestiones in quattuor libros Sententiarum Petri Lombardi
IDD-338,Johannes Duns Scotus,118528165,(1) Quaestiones in quattuor libros Sententiarum (2) Quaestiones in quattuor libros Sententiarum Petri Lombardi
IDD-339,Johannes Duns Scotus,118528165,(1) Quaestiones in quattuor libros Sententiarum (2) Quaestiones in quattuor libros Sententiarum Petri Lombardi
IDD-340,Johannes Duns Scotus,118528165,(1) Quaestiones in quattuor libros Sententiarum (2) Quaestiones in quattuor libros Sententiarum Petri Lombardi
IDD-341,Johannes Duns Scotus,118528165,(1) Quaestiones in quattuor libros Sententiarum (2) Quaestiones in quattuor libros Sententiarum Petri Lombardi
IDD-342,Johannes Duns Scotus,118528165,(1) Quaestiones in quattuor libros Sententiarum (2) Quaestiones in quattuor libros Sententiarum Petri Lombardi
IDD-343,Johannes Duns Scotus,118528165,(1) Quaestiones in quattuor libros Sententiarum (2) Quaestiones in quattuor libros Sententiarum Petri Lombardi
IDD-344,Johannes Duns Scotus,118528165,(1) Quaestiones in quattuor libros Sententiarum (2) Quaestiones in quattuor libros Sententiarum Petri Lombardi
IDD-345,Johannes Calphurnius,123089573,Mors et apotheosis Simonis infantis novi martyris
IDD-346,Petrus Brutus,103146962,Victoria contra Judaeos
IDD-347,Petrus Brutus,103146962,Epistola contra Judaeos
IDD-348,Antonio Borromeo,100050654,De christiana religione contra Hebraeos
IDD-349,Giovanni Boccaccio,11851217X,"(1) Decamerone (Auzug: V, 1 Cimone). (2) Mythica historia Cymonis"
IDD-350,Giovanni Boccaccio,11851217X,"(1) Decamerone (Auzug: V, 1 Cimone). (2) Mythica historia Cymonis"
IDD-350,Giovanni Boccaccio,11851217X,"(1) Decamerone (Auzug: V, 1 Cimone). (2) Mythica historia Cymonis"
IDD-351,Giovanni Boccaccio,11851217X,"(1) Decamerone (Auzug: V, 1 Cimone). (2) Mythica historia Cymonis"
IDD-352,Giovanni Boccaccio,11851217X,"(1) Decamerone (Auzug: V, 1 Cimone). (2) Mythica historia Cymonis"
IDD-353,Giovanni Boccaccio,11851217X,"(1) Decamerone (Auzug: V, 1 Cimone). (2) Mythica historia Cymonis"
IDD-354,Giovanni Boccaccio,11851217X,"(1) Decamerone (Auzug: V, 1 Cimone). (2) Mythica historia Cymonis"
IDD-355,Giovanni Boccaccio,11851217X,"(1) Decamerone (Auzug: V, 1 Cimone). (2) Mythica historia Cymonis"
IDD-356,Giovanni Boccaccio,11851217X,"(1) Decamerone (Auzug: V, 1 Cimone). (2) Mythica historia Cymonis"
IDD-357,Giovanni Boccaccio,11851217X,"(1) Decamerone (Auzug: V, 1 Cimone). (2) Mythica historia Cymonis"
IDD-358,Giovanni Boccaccio,11851217X,"(1) Decamerone (Auzug: V, 1 Cimone). (2) Mythica historia Cymonis"
IDD-359,Giovanni Boccaccio,11851217X,"(1) Decamerone (Auzug: V, 1 Cimone). (2) Mythica historia Cymonis"
IDD-360,Bernhardin von Siena,11850987X,Speculum peccatorum de contemptu mundi
IDD-361,Bernhardin von Siena,11850987X,Speculum peccatorum de contemptu mundi
IDD-362,Bernhardin von Siena,11850987X,Speculum peccatorum de contemptu mundi
IDD-363,Bernhardin von Siena,11850987X,Sermone sopra l'epistola di San Paolo sul santissimo Sacramento
IDD-364,Bernhardin von Siena,11850987X,Della confessione
IDD-365,Bernhardin von Siena,11850987X,Della confessione
IDD-366,Bernhardin von Siena,11850987X,Della confessione
IDD-367,Bernhardin von Siena,11850987X,Della confessione
IDD-368,Bernhardin von Siena,11850987X,Della confessione
IDD-369,Bernhardin von Siena,11850987X,Vita di San Bernardino
IDD-370,"Antonin von Florenz, Antoninus Pierozzi",118897489,Trialogus super evangelio de duobus discipulis euntibus in Emmaus
IDD-371,null,null,(1) Expositio Psalmorum cum eorum virtutibus (ISTC) (2) Psalm. Expositio psalmorum. (GW)
IDD-372,Nicolaus de Lyra,119238683,(1) Contra perfidiam Judaeorum (2) Quaestio de probatione per scripturas a Judaeis receptas
IDD-373,Nicolaus de Lyra,119238683,(1) Contra perfidiam Judaeorum (2) Quaestio de probatione per scripturas a Judaeis receptas
IDD-374,Nicolaus de Lyra,119238683,(1) Contra perfidiam Judaeorum (2) Quaestio de probatione per scripturas a Judaeis receptas
IDD-375,Nicolaus de Lyra,119238683,(1) Contra perfidiam Judaeorum (2) Quaestio de probatione per scripturas a Judaeis receptas
IDD-376,Johannes Calphurnius,123089573,Mors et apotheosis Simonis infantis novi martyris
IDD-377,Johannes Pfefferkorn,118848801,Zu Lob und Ehre
IDD-378,Thomas Murner,118585886,Benedicite judeorum uti soliti sut ante et post cibi suptionem Benedicere et gratias agere deo egregio doctore thoma murner Argentinensi ordinis minorum interprete.
IDD-379,null,null,Sendbrief
IDD-380,null,null,Ein wunderbarlich geschichte. Wye dye merckischen Juden das hochwirdig Sacrament: gekaufft und zu martern sich understanden (USTC)
IDD-381,Karl V.,118560093,"Wir Karl der fünfft thun kund, das hinfür inewig zeit kein Jud noch Jüdin weder auff ligende gu(e)ter zinß noch gült umb noch on wucher heimlich oder offentlich nichts leihen (25.06.1521)"
IDD-382,Jacobus Perez de Valentia,119348918,Opuscula
IDD-383,Johannes Pfefferkorn,118848801,Judenfeind
IDD-384,Johannes Pfefferkorn,118848801,Osterbüchlein
IDD-385,"Rabi Samuel (i.e. Alfonsus Bonihominis, GND 119061481)","102849587 (i.e. Alfonsus Bonihominis, GND 119061481)","(1) Epistola ad R. Isaac de adventu Messiae quem Judaei temere expectant (2) Epistola contra Judaeorum errores. Tr: Alphonsus Boni Hominis (3) Quod Judaei messiam, qui venit seu venturum, temere exspectent"
IDD-386,"Rabi Samuel (i.e. Alfonsus Bonihominis, GND 119061481)","102849587 (i.e. Alfonsus Bonihominis, GND 119061481)","(1) Epistola ad R. Isaac de adventu Messiae quem Judaei temere expectant (2) Epistola contra Judaeorum errores. Tr: Alphonsus Boni Hominis (3) Quod Judaei messiam, qui venit seu venturum, temere exspectent"
IDD-387,null,null,Ezechiel spricht der Prophet (Schöner. Incipit)
IDD-388,null,null,Ablaßplakat mit den Arma Christi (Schöner. Incipit)
IDD-389,null,null,Christus im Verhör (Schöner. Incipit)
IDD-390,null,null,Christus an der Martersäule (Schöner. Incipit)
IDD-391,null,null,Judensau (Schöner)
IDD-392,Johannes Duns Scotus,118528165,(1) Quaestiones in quattuor libros Sententiarum (2) Quaestiones in quattuor libros Sententiarum Petri Lombardi
IDD-393,null,null,Do tausent vierhundert unfundsibenczig jar (Schöner. Incipit)
IDD-394,null,null,Nun wisset waß der wucher tuet (Schöner. Incipit)
IDD-395,null,null,Beatus . Simon . martir (Schöner. Incipit)
IDD-396,"Antonin von Florenz, Antoninus Pierozzi",118897489,Trialogus super evangelio de duobus discipulis euntibus in Emmaus
IDD-397,null,null,Item diß ist die recht form des warhafftigen Titels (Schöner. Incipit)
IDD-398,Johannes Duns Scotus,118528165,(1) Quaestiones in quattuor libros Sententiarum (2) Quaestiones in quattuor libros Sententiarum Petri Lombardi
IDD-399,null,null,Hort ir herren allgemein (Schöner. Incipit)
IDD-400,null,null,"(1) Gedicht von dem Knaben Simon zu Trient (ISTC) (2) Historia S. Simonis Tridentini, deutsch. Simon, ein Kind bin ich genannt. (Gedicht über den Tod des Knaben Simon zu Trient) (GW)"
IDD-401,null,null,Schmerzensmann (Schöner. Incipit)
IDD-402,null,null,Ich pauck vnd pfeyff euch allen herein (Schöner. Incipit)
IDD-403,Johannes Pfefferkorn,118848801,"Vaterunser, Ave Maria und Credo"
IDD-404,null,null,Christus vor Kaiphas (Schöner. Incipit)
IDD-405,null,null,Der Wilde Mann (Schöner. Incipit)
IDD-406,null,null,"(1) Jurist, Jude und Weib. (2) Der Jurist mir seinem bůch (Schöner. Incipit)"
IDD-407,null,null,Der heiligen/ vnbefleckten/ ausserwelten/ einigen Braut Jesu (Schöner. Incipit)
IDD-408,"Rabi Samuel (i.e. Alfonsus Bonihominis, GND 119061481)","102849587 (i.e. Alfonsus Bonihominis, GND 119061481)","(1) Epistola ad R. Isaac de adventu Messiae quem Judaei temere expectant (2) Epistola contra Judaeorum errores. Tr: Alphonsus Boni Hominis (3) Quod Judaei messiam, qui venit seu venturum, temere exspectent"
IDD-409,"Rabi Samuel (i.e. Alfonsus Bonihominis, GND 119061481)","102849587 (i.e. Alfonsus Bonihominis, GND 119061481)","(1) Epistola ad R. Isaac de adventu Messiae quem Judaei temere expectant (2) Epistola contra Judaeorum errores. Tr: Alphonsus Boni Hominis (3) Quod Judaei messiam, qui venit seu venturum, temere exspectent"
IDD-410,"Rabi Samuel (i.e. Alfonsus Bonihominis, GND 119061481)","102849587 (i.e. Alfonsus Bonihominis, GND 119061481)","(1) Epistola ad R. Isaac de adventu Messiae quem Judaei temere expectant (2) Epistola contra Judaeorum errores. Tr: Alphonsus Boni Hominis (3) Quod Judaei messiam, qui venit seu venturum, temere exspectent"
IDD-411,"Rabi Samuel (i.e. Alfonsus Bonihominis, GND 119061481)","102849587 (i.e. Alfonsus Bonihominis, GND 119061481)","(1) Epistola ad R. Isaac de adventu Messiae quem Judaei temere expectant (2) Epistola contra Judaeorum errores. Tr: Alphonsus Boni Hominis (3) Quod Judaei messiam, qui venit seu venturum, temere exspectent"
IDD-412,null,null,Drei Gů(v mit Kreis)t Ivdin (Schöner. Incipit)
IDD-413,null,null,Die Drei Gů(v mit zwei Punkten)ten Ivden (Schöner. Incipit)