IDD,GW,ISTC,BSB_Ink,VE15,VD16,USTC,Literatur,Einheitstitel,Alternativtitel,Umfang,Format,Sprache, Anmerkung,USTC_Subject
IDD-019,null,null,null,null,null,180594,Schreckenberg III (1994) 592-595,"Contra sectam Mahumeticam, non indignus scitu libellus. Cuiusdam diu captivi Turcorum provinciae septemcastrensis, de vita et moribus eorundem alius non minus necessarius libellus. libellus de vita et moribus Judaeorum",null,ff. 86,4°,Latein,"Sammelwerk;  USTC führt Verfasser unter ""Carben, Victor von"" statt wie bei seinen anderen Drucken unter ""Karben, Victor von"". Kollation: a-i4/8, k6, l-p4/8. Universität Gent: ""Subject: Judaism Controversial literature Early works to 1800""",null
IDD-025,1565,ia00531000,null,null,null,201482,"Schreckenberg III (1994) 503-504. VL I (1978) 789-793. Andrew Pettegree, Malcolm Walsby and Alexander Wilkinson, FB: French Vernacular Books, Books published in the French language before 1601, Reference: 52733",Alphabetum divini amoris. Add: Contemplationes,Alphabetum divini amoris. Add: Contemplationes,ff. (36),8°,Latein,"Sammelwerk; Judenfeindlicher Druck? VL: Ausgabe der lat. Werke. S. Bernardini Senensis Opera omnia, ed. PP Collegii S. Bonaventurae (Quaracchi), I-IX,  1950-65. Siehe: Hünermann, Franz Josef, Die wirtschaftsethischen Predigten des hl. Bernhardin von Siena - (Universität Münster) (1939) ( UB Frankfurt, http://resolver.hebis.de/retro/original/s6060975)",(1) Religious. (2) Dictionaries
IDD-026,(1) 1566. (2) 156920N,ia00531500,null,null,null,202014,Schreckenberg III (1994) 503-504. VL I (1978) 789-793,Alphabetum divini amoris. Add: Contemplationes,Alphabetum divini amoris. Add: Contemplationes,ff. 12,8°,Latein,"Sammelwerk; Judenfeindlicher Druck? VL: Ausgabe der lat. Werke. S. Bernardini Senensis Opera omnia, ed. PP Collegii S. Bonaventurae (Quaracchi), I-IX,  1950-65. Siehe: Hünermann, Franz Josef, Die wirtschaftsethischen Predigten des hl. Bernhardin von Siena - (Universität Münster) (1939) ( UB Frankfurt, http://resolver.hebis.de/retro/original/s6060975)",(1) Religious. (2) Dictionaries
IDD-029,4290,ib00615000,B-454,null,null,202710,"Andrew Pettegree, Malcolm Walsby and Alexander Wilkinson, FB: French Vernacular Books, Books published in the French language before 1601, Reference: 57240. Schreckenberg III (1994) 382-387. Floerken 22-23",Biblia Lateina,"Biblia Lateina (cum postillis Nicolai de Lyra et expositionibus Guillelmi Britonis in omnes prologos S. Hieronymi et additionibus Pauli Burgensis replicisque Matthiae Doering). Ed: Paulus a Mercatello. With additions by Franciscus Moneliensis. Add: Nicolaus de Lyra, Contra perfidiam Judaeorum",ff. 380,2°,Latein,"Sammelwerk;  1. Antijüdische Schrift; Gosselin 27 , HC 3163; mit Paulus Burgensis (GND 119105144),  Additiones; mit Matthias Doering (GND 100964664), (1) Replik (2) Defensorium postillae Nicolai  de Lyracontra Paulum Burgensem; mit (1) Guillaume Breton (2) William Brito ((1) GND 102482799 (2) GND 11884038X), Expositio (vocabulorum bibliae); mit  Nicolaus de Lyra (GND 119238683), Postilla",Religious
IDD-036,8246,id00136000,D-97,null,null,435213,"Short Title Catalogue Netherlands, Reference: 102384053. Andrew Pettegree and Malcolm Walsby, Netherlandish Books (NB): Books published in the Low Countries and in the Dutch language abroad before 1601, Reference: 9505","Defensorium fidei dialogos septem contra Judaeos, haereticos et Sarracenos continens. De salute animae. Historia ecclesiastica tripartita","Defensorium fidei dialogos septem contra Judaeos, haereticos et Sarracenos continens. Add: Johannes de Turrecremata: De Salute animae; Cassiodorus (Historia ecclesiastica tripartita, Lib. V, cap. 17-18:) Constantii imperatoris et Liberii pape pro defensione Athanasii dialogus.",ff. (80),2°,Latein,"Signaturen (a-k8); Sammelwerk; UB Utrecht: ""Van de incunabel 'Defensorium fidei dialogos septem contra Judaeos, haereticos et Sarracenos continens' uit 1474 zijn behoorlijk wat exemplaren overgeleverd. De Incunable Short Title Catalogue (ISTC) noemt er wereldwijd zeker dertig, waarvan een tiental in Nederland. De Universiteitsbibliotheek Utrecht is met vier exemplaren bijzonder goed vertegenwoordigd, maar dat hoeft op zich geen verwondering te wekken gezien de Utrechtse herkomst en het feit dat in 1580 de plaatselijke kloosterbibliotheken geconfisceerd werden (zie de provenances van exemplaren van de incunabel in de catalogus: http://aleph.library.uu.nl/F?func=direct&doc_number=000977084). Ofschoon een exemplaar van het 'Defensorium' niet heel zeldzaam is, geldt dat in relatieve zin wel voor de tekst zelf. In geen enkel ander gedrukt werk uit de 15de eeuw komt deze tekst immers voor. De incunabel bevat verder nog de stukken van 'De Salute animae' door Johannes de Turrecremata (Juan de Torquemada, 1388-1468) en de 'Constantii imperatoris et Liberii pape pro defensione Athanasii dialogus' van Flavius Magnus Aurelius Cassiodorus (ca. 484/490-ca. 576/582). Turrecremata was een Spaans kardinaal en auteur op het terrein van de ecclesiastiek. Als vurig pleitbezorger van het pauselijk gezag komt het volgens hem superieure christelijk geloof in zijn publicaties zwaar tot uiting. Cassiodorus was tijdens zijn leven in dienst van Theodorik de Grote, koning van de Ostrogoten. Aan het hof schreef en redigeerde hij de overheidsdocumenten. Ook hield hij zich bezig met het uitdragen van ideeën over overheid, christelijk leven en Griekse cultuur. Aan het einde van zijn leven stichtte hij in Italië het klooster Vivarium, dat gewijd werd aan het kopiëren en verzamelen van christelijke kennis. In dit klooster compileerde of verzamelde hij de 'Historia Ecclesiastica Tripartita' op basis van drie afzonderlijke geschiedenissen uit de 5de eeuw: de kerkelijke historie van Socrates Scolasticus, de ecclesiastische historie van Sozomenus en de filosofisch-theologische historie van Theodorus Lector. De vertaling was van de hand van Epiphanius, een monnik die eveneens werkzaam was in Vivarium. Hoewel hun namen niet in de incunabel voorkomen, wordt de publicatie ervan op basis van de gebruikte lettertypen toegeschreven aan de Utrechtse drukkers Nicolaes Ketelaer en Gerard de Leempt. Het hier gedigitaliseerde exemplaar (MAG: E fol 207 (Rariora) dl 1) is gerubriceerd en heeft ingekleurde initialen. De incunabel zit in een oorspronkelijke kalfslerenband, afkomstig uit de binderij van het Utrechtse Regulierenklooster. Kenmerkend voor deze binderij zijn de twee stempels binnen een patroon van driedubbele filetlijnen."" (""Etliche Exemplare der Inkunabel „Defensorium fidei dialogos septem contra Judaeos, haereticos et Sarracenos continens“ aus dem Jahr 1474 sind erhalten. Der Incunable Short Title Catalog (ISTC) listet weltweit mindestens dreißig auf, zehn davon in den Niederlanden. Die Universitätsbibliothek Utrecht ist mit vier Exemplaren besonders stark vertreten, was aber angesichts der Utrechter Provenienz und der Tatsache, dass die dortigen Klosterbibliotheken 1580 beschlagnahmt wurden, nicht verwundern sollte (siehe die Provenienzen von Exemplaren der Inkunabel im Katalog : http: //aleph.library.uu.nl/F?func=direct&doc_number=000977084). Obwohl ein Exemplar des „Defensorium“ nicht sehr selten ist, gilt dies relativ gesehen auch für den Text selbst. Dieser Text erscheint in keinem anderen Druckwerk des 15. Jahrhunderts. Die Inkunabel enthält auch die Stücke von 'De Salute animae' von Johannes de Turrecremata (Juan de Torquemada, 1388-1468) und die 'Constantii imperatoris et Liberii pape pro defensione Athanasii dialogus' von Flavius ​​Magnus Aurelius Cassiodorus (ca. 484/ 490) - etwa 576/582). Turrecremata war ein spanischer Kardinal und kirchlicher Autor. Als leidenschaftlicher Verfechter der päpstlichen Autorität glaubt er, dass sein überlegener christlicher Glaube in seinen Veröffentlichungen stark zum Ausdruck kommt. Cassiodorus stand zu Lebzeiten im Dienst von Theoderich dem Großen, dem König der Ostgoten. Am Hof ​​schrieb und redigierte er Regierungsdokumente. Er war auch an der Verbreitung von Ideen über Regierung, christliches Leben und griechische Kultur beteiligt. Am Ende seines Lebens gründete er in Italien das Kloster Vivarium, das sich dem Kopieren und Sammeln christlichen Wissens widmete. In diesem Kloster erstellte oder sammelte er die „Historia Ecclesiastica Tripartita“ auf der Grundlage von drei getrennten Geschichten aus dem 5. Jahrhundert: der Kirchengeschichte von Socrates Scolasticus, der Kirchengeschichte von Sozomenus und der philosophisch-theologischen Geschichte von Theodorus Lector. Die Übersetzung stammt von Epiphanius, einem Mönch, der auch im Vivarium arbeitete. Obwohl ihre Namen nicht in der Inkunabel erscheinen, wird ihre Veröffentlichung aufgrund der verwendeten Schriften den Utrechter Druckern Nicolaes Ketelaer und Gerard de Leempt zugeschrieben. Das hier digitalisierte Exemplar (MAG: E fol 207 (Rariora) vol 1) ist klassifiziert und mit farbigen Initialen versehen. Die Inkunabel ist in einem Original-Kalbsledereinband aus der Buchbinderei des Utrechter Regulierenklosters. Charakteristisch für diese Buchbinderei sind die zwei Stempel innerhalb eines Musters aus dreifachen Kehllinien."")",History and Chronicles
IDD-038,M39869,it00543000,null,null,null,435273,Schreckenberg III (1994) 382-387. Floerken 22-23,"Contra principales errores Mahometi et Turcorum Sarracenorum. Add: Dionysius Carthusiensis: Dialogus Christiani contra Sarracenum. Samuel, Rabbi: Contra errores Judaeorum (tr: Alphonsus Boni Hominis). Nicolaus de Lyra: Quaestio de probatione per scripturas a Judaeis receptas. Prosper Aquitanus: Responsiones contra objectiones Vincentianos, Responsiones ad excerpta ..., Responsiones scilicet Augustini ad dulcitium de octo quaestionibus ab eo missis. Athanasius: Contra haereticos. Eusebius Caesariensis: Legenda S. Sylvestri",null,ff. (40),2°,Latein,"Sammelwerk, Signaturen: a12 b-c10 d8 ;  1. Antijüdische Schrift; Gosselin 116, Copinger 5259; mit Dionysius Carthusiensis (GND 118679716), Dialogus Christiani contra Sarracenum; mit Rabi Samuel (i.e. Alfonsus Bonihominis; GND 119061481) Epistola contra Judaeorum errores; mit Prosper Aquitanus (GND 1066971781), Responsiones contra objectiones Vincentianos, Responsiones ad excerpta ..., Responsiones scilicet Augustini ad dulcitium de octo quaestionibus ab eo missis; mit Athanasius (GND 118504843), Contra haereticos; mit Eusebius Caesariensis (GND 118531425), Legenda S. Sylvestri",Religious
IDD-040,13399,ih00358500,null,null,null,435865,"Schreckenberg III (1994) 151. Andrew Pettegree and Malcolm Walsby, Netherlandish Books (NB): Books published in the Low Countries and in the Dutch language abroad before 1601, Reference: 15689",Horae ad usum Romanum,null,ff. (160),8°,Latein,Judenfeindlicher Druck?; Signaturen a-b8 ( ) a-s8; Sammelwerk;,Religious
IDD-044,null,null,null,null,"B 2135, darin: B 5836",600404,Schreckenberg III (1994) 399-400,Varia opuscula,Varia Philippi Beroaldi opu-||scula in hoc Codice contenta.|| Orationes: Praelectiones: & Praefationes: & quaedam || mithicae Historiae Philippi Beroaldi:|| Item Plusculae Angeli Politiani: Hermolai Barbari at#(que) || una Iasonis Maini ad ... Maximilianũ ... || imperatorem Oratio.|| Epigrammata/ ac ... carmi||na ... Philippi Beroaldi ab Ascensio nuper || elucidata: ... || L.Coelij Lactantij Firmiani pia Nenia uerbis Christi ... || crucifixi/ sua in nos beneficia cõmemorantis.|| Item Phi.Beroaldi de septẽ sapientiũ sententijs Libellus. || Eiusdem Symbola Pythagorae moraliter explicata.|| De optimo statu: & de foelicitate.|| Declamatio Philosophi medici & oratoris.|| Declamatio ebriosi/ scortatoris/ & aleatoris.|| Oratio ... prouerbialis ... || Eiusdem Opusculum de terraemotu & pestilentia ||(Paeanes beatae Virginis ex Francisci Petrar||chae poemate Vernaculo in Lateinũ cõuersi.||)(Annotationes in Galenum ||),ff. 162,4°,Latein,"Sammelwerk; enthalten in VD16 B 2135, nach VD16 enth. Werke: 1. enth. Werk: Barbaro, Ermolao: Orationes. (VD16 B 353) 2. enth. Werk: Beroaldo, Filippo d.Ä.: Annotationes in Galenum. (VD16 B 2060) 3. enth. Werk: Beroaldo, Filippo d.Ä.: Declamatio ebriosi, scortatoris et aleatoris (EST: Declamatio ebriosi, scortatoris, aleatoris de vitiositate disceptantium). (VD16 B 2082) 4. enth. Werk: Beroaldo, Filippo d.Ä.: Declamatio philosophi, medici et oratoris (EST: Declamatio philosophi, medici, oratoris de excellentia disceptantium). (VD16 B 2097) 5. enth. Werk: Beroaldo, Filippo d.Ä.: Epigrammata ac ... carmina. (VD16 B 2105) 6. enth. Werk: Beroaldo, Filippo d.Ä.: De felicitate. (VD16 B 2109) 7. enth. Werk: Beroaldo, Filippo d.Ä.: De septem sapientium sententiis libellus (EST: Libellus, quo septem Graeciae sapientium proverbia discutiuntur). (VD16 B 2114) 8. enth. Werk: Beroaldo, Filippo d.Ä.: De optimo statu. (VD16 B 2119) 9. enth. Werk: Beroaldo, Filippo d.Ä.: Opusculum de terrae motu et pestilentia. (VD16 B 2124) 10. enth. Werk: Beroaldo, Filippo d.Ä.: Oratio proverbialis (EST: Oratio proverbiorum). (VD16 B 2131) 11. enth. Werk: Beroaldo, Filippo d.Ä.: Symbola Pythagorae moraliter explicata. (VD16 B 2139) 12. enth. Werk: Boccaccio, Giovanni: Mythicae historiae (EST: Decamerone, Ausz. <lat.>). Beteiligte Pers.: Beroaldo, Filippo d.Ä.. (VD16 B 5836) 13. enth. Werk: Lactantius, Lucius Coelius Firmianus: Pia nenia verbis Christi ... crucifixi. (VD16 L 69) 14. enth. Werk: Maino, Giasone dal: Ad ... Maximilianum ... imperatorem oratio. (VD16 M 250) 15. enth. Werk: Petrarca, Francesco: Paeanes beatae virginis ex poemate vernaculo in Lateinum conversi (EST: Vergine bella <lat.>). (VD16 P 1742) 16. enth. Werk: Poliziano, Angelo: Orationes. (VD16 P 3996)",Medical Texts
IDD-045,null,null,null,null,"B 2136, darin:B 5837",600405,Schreckenberg III (1994) 399-400,Varia opuscula,"Varia Philippi Beroaldi opu/||scula in hoc Codice contenta.|| Orationes, Praelectiones/ & Praefationes,& quaedam || mithicae Historiae Philippi Beroaldi.|| Itẽ Plusculae Angeli Politiani, Hermolai Barbari, at#(que) || vna Iasonis Mayni, ad ... Maximilianũ ... || Imperatorem Oratio.|| Epigrãmata ac ... carmi/||na, ... Philippi Beroaldi ab Ascensio nu#(per) || elucidata, ... || L. Coelij Lactantij Firmiani pia Nenia verbis Christi ... || crucifixi/ sua in nos beneficia cõmemorantis.|| Item Phi.Beroaldi de septẽ sapientiũ sententijs Libellus.|| Eiusdem Symbola Pythagorae moraliter explicata.|| De optimo statu, & de foelicitate.|| Declamatio Philosophi/ medici/ & oratoris.|| Declamatio ebriosi/ scortatoris/ & aleatoris.|| Oratio ... prouerbialis ... || Eiusdem Opusculum de terraemotu & pestilentia.||(Paeanes beatae Virginis ex Frãcisci petrar||chae poemate Vernaculo in Lateinũ conuersi ||)(Annotationes in Galenum ||)",null,null,Latein,"Sammelwerk; enthalten in VD16 B 2136; nach VD16 enth. Werke: 1. enth. Werk: Barbaro, Ermolao: Orationes. (VD16 B 354), 2. enth. Werk: Beroaldo, Filippo d.Ä.: Annotationes in Galenum. (VD16 B 2061), 3. enth. Werk: Beroaldo, Filippo d.Ä.: Declamatio ebriosi, scortatoris et aleatoris (EST: Declamatio ebriosi, scortatoris, aleatoris de vitiositate disceptantium). (VD16 B 2083), 4. enth. Werk: Beroaldo, Filippo d.Ä: Disputatio philosophi, medici et oratoris (EST: Declamatio philosophi, medici, oratoris de excellentia disceptantium). (VD16 B 2098), 5. enth. Werk: Beroaldo, Filippo d.Ä.: Epigrammata ac ... carmina. (VD16 B 2106), 6. enth. Werk: Beroaldo, Filippo d.Ä.: De felicitate. (VD16 B 2110), 7. enth. Werk: Beroaldo, Filippo d.Ä.: De septem sapientium sententiis libellus (EST: Libellus, quo septem Graeciae sapientium proverbia discutiuntur). (VD16 B 2115), 8. enth. Werk: Beroaldo, Filippo d.Ä.: De optimo statu. (VD16 B 2120), 9. enth. Werk: Beroaldo, Filippo d.Ä.: Opusculum de terrae motu et pestilentia. (VD16 B 2125), 10. enth. Werk: Beroaldo, Filippo d.Ä.: Oratio proverbialis (EST: Oratio proverbiorum). (VD16 B 2132), 11. enth. Werk: Beroaldo, Filippo d.Ä.: Symbola Pythagorae moraliter explicata. (VD16 B 2140), 12. enth. Werk: Boccaccio, Giovanni: Mythicae historiae (EST: Decamerone, Ausz. <lat.>). Beteiligte Pers.: Beroaldo, Filippo d.Ä.. (VD16 B 5837), 13. enth. Werk: Lactantius, Lucius Coelius Firmianus: Pia nenia verbis Christi ... crucifixi. (VD16 L 70), 14. enth. Werk: Maino, Giasone dal: Ad ... Maximilianum ... imperatorem oratio. (VD16 M 251), 15. enth. Werk: Petrarca, Francesco: Paeanes beatae virginis ex poemate vernaculo in Lateinum conversi (EST: Vergine bella <lat.>). (VD16 P 1744), 16. enth. Werk: Poliziano, Angelo: Orationes. (VD16 P 3997)",Medical Texts
IDD-046,null,null,null,null,"B 2137, darin: B 5838",600406,Schreckenberg III (1994) 399-400,Varia opuscula,"VARIA PHILIPPI BEROALDI OPVSCV||LA IN HOC CODICE CONTENTA.|| Orationes, Praelectiones, & Praefationes, & quaedam mythicae || Historiae Philippi Beroaldi.|| Item Plusculae Angeli Politiani, Hermolai Barbari, at#(que) una || Iasonis Mayni, ad ... Maximilianũ ... || Imperatorem Oratio.|| Epigrammata ac ... carmina ... || Philippi Beroaldi ab Ascensio nuper elucida/||ta ... || L. Coelij Lactantij Firmiani pia Nenia uerbis Christi ... || cruci fixi, sua in nos beneficia cõmemorantis.|| Itẽ Philippi Beroaldi de septẽ sapientiũ sentẽtijs Libellus.|| Eiusdem Symbola Pythagorae moraliter explicata.|| De optimo statu, & de felicitate.|| Declamatio philosophi, medici & oratoris.|| Declamatio ebriosi, scortatoris, & aleatoris.|| Oratio ... prouerbialis ... || Eiusdem Opusculũ de terraemotu & pestilentia.||(Paeanes beatae Virginis ex Francisci petrar/||chae poemate Vernaculo in Lateinum conuersi.||)(Annotationes in Galenum ||)",ff. CLXII,4°,Latein,"Sammelwerk; enthalten in VD16 B 2137; nach VD16 enth. Werke: 1. enth. Werk: Barbaro, Ermolao: Orationes. (VD16 B 355), 2. enth. Werk: Beroaldo, Filippo d.Ä.: Annotationes in Galenum. (VD16 B 2062), 3. enth. Werk: Beroaldo, Filippo d.Ä.: Declamatio ebriosi, scortatoris et aleatoris (EST: Declamatio ebriosi, scortatoris, aleatoris de vitiositate disceptantium). (VD16 B 2084), 4. enth. Werk: Beroaldo, Filippo d.Ä.: Declamatio philosophi, medici et oratoris (EST: Declamatio philosophi, medici, oratoris de excellentia disceptantium). (VD16 B 2099), 5. enth. Werk: Beroaldo, Filippo d.Ä.: Epigrammata ac ... carmina. (VD16 B 2107), 6. enth. Werk: Beroaldo, Filippo d.Ä.: De felicitate. (VD16 B 2111), 7. enth. Werk: Beroaldo, Filippo d.Ä.: De septem sapientium sententiis libellus (EST: Libellus, quo septem Graeciae sapientium proverbia discutiuntur). (VD16 B 2116), 8. enth. Werk: Beroaldo, Filippo d.Ä.: De optimo statu. (VD16 B 2121), 9. enth. Werk: Beroaldo, Filippo d.Ä.: Opusculum de terrae motu et pestilentia. (VD16 B 2126), 10. enth. Werk: Beroaldo, Filippo d.Ä.: Oratio proverbialis (EST: Oratio proverbiorum). (VD16 B 2133), 11. enth. Werk: Beroaldo, Filippo d.Ä.: Symbola Pythagorae moraliter explicata. (VD16 B 2141), 12. enth. Werk: Boccaccio, Giovanni: Mythicae historiae (EST: Decamerone, Ausz. <lat.>). Beteiligte Pers.: Beroaldo, Filippo d.Ä.. (VD16 B 5838), 13. enth. Werk: Lactantius, Lucius Coelius Firmianus: Pia nenia verbis Christi ... crucifixi. (VD16 L 71), 14. enth. Werk: Maino, Giasone dal: Ad ... Maximilianum ... imperatorem oratio. (VD16 M 252), 15. enth. Werk: Petrarca, Francesco: Paeanes beatae virginis ex poemate vernaculo in Lateinum conversi (EST: Vergine bella <lat.>). (VD16 P 1746), 16. enth. Werk: Poliziano, Angelo: Orationes. (VD16 P 3998)",Medical Texts
IDD-052,null,null,null,null,"R 1307, darin: (1) A 3763. (2) A 3775",611183,null,Alphabeta in maledicos judaeos et thalmud articuli sive propones de judaico favore nimis suspecte. Ex libello theutonico joannis reuchlin legum doctoris <cui speculi ocularis titulus inscriptus > extracte. Cum annotationibus et improbationibus venerabilis,Articuli siue p(ro)po(sition)es de iudaico fauore nimis suspecte,ff. (64),4°,Latein,Sammelwerk;,Religious
IDD-057,null,null,null,null,C 1911,624821,VL-Hum I (2008) 375-427. Schreckenberg III (1994) 579-580,Conradi celtis protucii primi inter Germanos imperatoriis manibus poete laureati quatu or libri amorum secundum quatuor latera Germanie feliciter incipiunt,null,ff. lxxiii (49),4°,Latein,"Sammelwerk;  Schreckenberg III, 579, gibt 1495 als Entstehungs- und Ersterscheinungsdatum an, doch weder noch ISTC kennen diese Druckausgabe. VD16: ""Enth. Werke: 1. enth. Werk: Celtis, Konrad: Germania generalis. (VD16 C 1901) 2. enth. Werk: Celtis, Konrad: Hymnus sapphicus in vitam sancti Sebaldi. (VD16 C 1904) 3. enth. Werk: Celtis, Konrad: Ludus Dianae. (VD16 C 1908) 4. enth. Werk: Celtis, Konrad: De origine, situ, moribus et institutis Norinbergae. (VD16 C 1909) 5. enth. Werk: Longinus, Vincentius: Panegyricus. (VD16 L 2389) https://www.geschichtsquellen.de/werk/957",null
IDD-095,null,null,null,null,F 2815,659621,VL-Hum I (2008) 375-427. Schreckenberg III (1994) 579-580,"De origine, situ, moribus et institutis Norinbergae","De origine, situ, moribus et institutis Norinbergae Germaniae exegeseos volumina duodecim a Francisco irenico ettelingiacensi exarata eiusdem oratio protreptica, in amorem Germaniae, cum praesentis operis excusatione, urbis Norinbergae descripto. Conrado celte enarratore. Oratio protreptica in amorem Germaniae urbis Norinbergae descriptio",ff. (6) CCXXI(=231) (29),2°,Latein,"Sammelwerk;  Imprent: typis ac formulis Thomas Anshelm, Nürnberg, sumptibus Johann Koberger",Travel
IDD-124,null,null,null,null,B 2583,693153,Schreckenberg III (1994) 382-387. Floerken 22-23,Biblia Lateina,"(1) Biblia latina. (2) Textus biblie Cu(m) Glosa ordinaria, Nicolai de lyra postilla, Moralitatibus eiusdem, Pauli Burgensis Additio(n)ibus, Matthie Thoring . (3) epertorium alphabeticum sententiarum prestantium contentiuum: decerptarum ex glossa ordinaria et interlineari, ex Nicolai de Lyra litterali ac morali postilla, questione quodlibetica atrum Messias .... venerit an adhuc venturus vere expectetur (etc.) (Ã–NB)","T.I: 377 Bl.; T.II: 315 Bl.; T.III: 440 Bl.; T.IV: 479 Bl., (1) Bl.; T.V: 244 Bl.; T.VI: 286 Bl.; T.VII: (218) Bl",2°,Latein,"Sammelwerk, 7 Teile, mit Holzschnitten;  1. Antijüdische Schrift: 6. Teil, 275-249 (133r-135r); Gosselin 15 ?, Copinger 1038 ? ;  mit Walahfrid, Strabo, Reichenau, Abt (GND 1210873036), Glossa ordinaria; mit  Nicolaus de Lyra (GND 119238683), Postilla und Postilla moralis; mit Paulus Burgensis (GND 119105144),  Additiones; mit Matthias Doering (GND 100964664), (1) Replik (2) Defensorium postillae Nicolai de Lyracontra Paulum Burgensem;",Religious
IDD-140,4284,ib00609000,B-480,null,null,740092,Schreckenberg III (1994) 382-387. Floerken 22-23,Biblia Lateina,Biblia latina (cum glossa ordinaria Walafridi Strabonis aliorumque et interlineari Anselmi Laudunensis et cum postillis ac moralitatibus Nicolai de Lyra et expositionibus Guillelmi Britonis in omnes prologos S. Hieronymi et additionibus Pauli Burgensis replicisque Matthiae Doering). Ed: Sebastian Brant. Add: Nicolaus de Lyra: Contra perfidiam Judaeorum,ff. 378,2°,Latein,"Sammelwerk;  mit Holzschnitten. 1. Antijüdische Schrift; Gosselin 14 , HC 3172; mit (1) Guillaume Breton (2) William Brito ((1) GND 102482799 (2) GND 11884038X), Expositio (vocabulorum bibliae); mit Walahfrid, Strabo, Reichenau, Abt (GND 1210873036), Glossa ordinaria; mit Anselmus Laudunensis (GND 118649566), Interlineae; mit  Nicolaus de Lyra (GND 119238683), Postilla",Religious
IDD-141,IV Sp.142a,ib00609500,null,null,B 2581,740093,Schreckenberg III (1994) 382-387. Floerken 22-23,Biblia Lateina,Biblia latina (cum glossa ordinaria Walafridi Strabonis aliorumque et interlineari Anselmi Laudunensis et cum postillis ac moralitatibus Nicolai de Lyra et expositionibus Guillelmi Britonis in omnes prologos S. Hieronymi et additionibus Pauli Burgensis replicisque Matthiae Doering). Ed: Sebastian Brant. Add: Nicolaus de Lyra: Contra perfidiam Judaeorum,ff. 377,2°,Latein,"Sammelwerk;  1. Antijüdische Schrift; Gosselin 15 ?, Copinger 1038 ? ; mit (1) Guillaume Breton (2) William Brito ((1) GND 102482799 (2) GND 11884038X), Expositio (vocabulorum bibliae); mit Walahfrid, Strabo, Reichenau, Abt (GND 1210873036), Glossa ordinaria; mit Anselmus Laudunensis (GND 118649566), Interlineae; mit  Nicolaus de Lyra (GND 119238683), Postilla",Religious
IDD-142,4288,ib00613000,null,null,null,740095,Schreckenberg III (1994) 382-387. Floerken 22-23,Biblia Lateina,"Biblia latina (cum postillis Nicolai de Lyra et expositionibus Guillelmi Britonis in omnes prologos S. Hieronymi et additionibus Pauli Burgensis replicisque Matthiae Doering). Nicolaus de Lyra, Contra perfidiam Judaeorum",ff. 468,2°,Latein,"Sammelwerk;  1. Antijüdische Schrift; Gosselin 34; mit Paulus Burgensis (GND 119105144),  Additiones; mit Matthias Doering (GND 100964664), (1) Replik (2) Defensorium postillae Nicolai  de Lyracontra Paulum Burgensem; mit (1) Guillaume Breton (2) William Brito ((1) GND 102482799 (2) GND 11884038X), Expositio (vocabulorum bibliae); mit  Nicolaus de Lyra (GND 119238683), Postilla",Religious
IDD-143,4289,ib00614000,B-459,null,null,740096,Schreckenberg III (1994) 382-387. Floerken 22-23,Biblia Lateina,Biblia latina (cum postillis Nicolai de Lyra et expositionibus Guillelmi Britonis in omnes prologos S. Hieronymi et additionibus Pauli Burgensis replicisque Matthiae Doering). Nicolaus de Lyra: Contra perfidiam Judaeorum,ff. 468,2°,Latein,"Sammelwerk;  1. Antijüdische Schrift; Gosselin 35 , HC 3167; mit Paulus Burgensis (GND 119105144),  Additiones; mit Matthias Doering (GND 100964664), (1) Replik (2) Defensorium postillae Nicolai  de Lyracontra Paulum Burgensem; mit (1) Guillaume Breton (2) William Brito ((1) GND 102482799 (2) GND 11884038X), Expositio (vocabulorum bibliae);  mit Nicolaus de Lyra (GND 119238683), Postilla",Religious
IDD-144,4292,ib00617000,null,null,null,740097,Schreckenberg III (1994) 382-387. Floerken 22-23,Biblia Lateina,Biblia latina (cum postillis Nicolai de Lyra et expositionibus Guillelmi Britonis in omnes prologos S. Hieronymi et additionibus Pauli Burgensis replicisque Matthiae Doering). Nicolaus de Lyra: Contra perfidiam Judaeorum,ff. 468,2°,Latein,"Sammelwerk;  1. Antijüdische Schrift; Gosselin 38 , HC 3169; mit Paulus Burgensis (GND 119105144),  Additiones; mit Matthias Doering (GND 100964664), (1) Replik (2) Defensorium postillae Nicolai  de Lyracontra Paulum Burgensem; mit (1) Guillaume Breton (2) William Brito ((1) GND 102482799 (2) GND 11884038X), Expositio (vocabulorum bibliae); mit Nicolaus de Lyra (GND 119238683), Postilla",Religious
IDD-145,4293,ib00618000,B-469,null,null,740098,Schreckenberg III (1994) 382-387. Floerken 22-23,Biblia Lateina,Biblia latina (cum postillis Nicolai de Lyra et expositionibus Guillelmi Britonis in omnes prologos S. Hieronymi et additionibus Pauli Burgensis replicisque Matthiae Doering). Nicolaus de Lyra: Contra perfidiam Judaeorum,ff. 424,2°,Latein,"Sammelwerk;  1. Antijüdische Schrift; Gosselin 39 , HC 3170; mit Paulus Burgensis (GND 119105144),  mit Additiones; Matthias Doering (GND 100964664), (1) Replik (2) Defensorium postillae Nicolai  de Lyracontra Paulum Burgensem; mit (1) Guillaume Breton (2) William Brito ((1) GND 102482799 (2) GND 11884038X), Expositio (vocabulorum bibliae); mit  Nicolaus de Lyra (GND 119238683), Postilla",Religious
IDD-146,4294,ib00619000,null,null,null,740099,Schreckenberg III (1994) 382-387. Floerken 22-23,Biblia Lateina,Biblia latina (cum postillis Nicolai de Lyra et expositionibus Guillelmi Britonis in omnes prologos S. Hieronymi et additionibus Pauli Burgensis replicisque Matthiae Doering). Nicolaus de Lyra: Contra perfidiam Judaeorum,ff. 424,2°,Latein,"Sammelwerk;  1. Antijüdische Schrift; Gosselin 46 , HC 3171; mit Paulus Burgensis (GND 119105144),  Additiones; mit Matthias Doering (GND 100964664), (1) Replik (2) Defensorium postillae Nicolai  de Lyracontra Paulum Burgensem; mit (1) Guillaume Breton (2) William Brito ((1) GND 102482799 (2) GND 11884038X), Expositio (vocabulorum bibliae); mit  Nicolaus de Lyra (GND 119238683), Postilla",Religious
IDD-181,10713,ig00185000,G-182,null,null,745204,"VL II (1936) 292-296. VL III (2-1981) 763-773. VL XI (2-2004) 632 (Nachtrag). https://www.hs-augsburg.de/~harsch/Chronologia/Lspost14/HenricusHassia/hen_tcp1.html. Zu Heinrich von Langenstein und zum Kontext des Traktats vgl. einführend: Hohmann, Thomas / Georg Kreuzer: «Heinrich von Langenstein». In: Die deutsche Literatur des Mittelalters: Verfasserlexikon, hg. von Kurt Ruh u a., Bd. 3, Berlin und New York 1981, Sp. 763–773. Knapp, Fritz Peter: Die Literatur des Spätmittelalters in den Ländern Österreich, Steiermark, Kärnten, Salzburg und Tirol von 1273 bis 1439. 2 Bde., Graz 1999 (Geschichte der Literatur in Österreich von den Anfängen bis zur Gegenwart 2), S. 106–132. Trusen, Winfried: Spätmittelalterliche Jurisprudenz und Wirtschafts­ethik, dargestellt an Wiener Gutachten des 14. Jahrhunderts, Wiesbaden 1961 (Vierteljahrschrift für Sozial- und Wirtschaftsgeschichte, Beiheft 43).",Opera,Opera. Add: Henricus de Hassia: De contractibus; Henricus de Hoyta: De contractibus; Nicolaus Oresme: De moneta,ff. 388,2°,Latein,"Sammelwerk;  Tractatus bipartitus de contractibus, Kapitel 24-31 überliefert als ""Tractatus contra Iudaeos"", hier Bd. 4, Bl. 185-224 (A1-I6). https://www.geschichtsquellen.de/autor/2714 ; ISTC gibt an: ""Henricus de Hassia: De contractibus; Henricus de Hoyta: De contractibus; Nicolaus Oresme: De moneta""",Religious
IDD-205,M39824,is00113000,A-446,null,null,748743,Schreckenberg III (1994) 391-393,"(1) Epistola ad R. Isaac de adventu Messiae quem Judaei temere expectant (2) Epistola contra Judaeorum errores. Tr: Alphonsus Boni Hominis (3) Quod Judaei messiam, qui venit seu venturum, temere exspectent","Epistola contra Judaeorum errores. Prophetiae de venturo Christo Patriarcharum, Sibyllae, Prophetarum; Pseudo- Pontius Pilatus: Epistola ad Tiberium",(ff. 42?),4°,Latein,"Sammelwerk; daran: Prophetiae de venturo Christo Patriarcharum, Sibyllae, Prophetarum; Pseudo- Pontius Pilatus: Epistola ad Tiberium",Religious
IDD-208,M39848,is00116000,A-448,null,null,748746,Schreckenberg III (1994) 391-393,"(1) Epistola ad R. Isaac de adventu Messiae quem Judaei temere expectant (2) Epistola contra Judaeorum errores. Tr: Alphonsus Boni Hominis (3) Quod Judaei messiam, qui venit seu venturum, temere exspectent","(1) Epistola contra Judaeorum errores. Prophetiae de venturo Christo Patriarcharum, Sibyllae, Prophetarum; Pseudo- Pontius Pilatus: Epistola ad Tiberium ; (2) Ein epistel Rabbi Samuelis deß Juden,  (BSB)",ff. (24),4°,Deutsch,"Übersetzung ins Deutsche; Sammerlwerk, daran: Prophetiae de venturo Christo Patriarcharum, Sibyllae, Prophetarum und Pseudo- Pontius Pilatus: Epistola ad Tiberium, beide ebenfalls ins Deutsche übersetzt; Signatur: a-d6; BSB-Ink: ""(Kap. 1-27), Fassung B"".",Religious
IDD-242,3883,ib00347000,null,null,null,760479,"Schreckenberg III (1994) 503-504. VL I (1978) 789-793. Schreckenberg III (1994) 503-504. VL I (1978) 789-793. Franco Mormando, Die Dämonen des Predigers: Bernardino von Siena und der soziale Untergrund der frühen Renaissance Italiens (Chicago: University of Chicago Press, 1999, Kapitel 4, “Neubewertung von Bernardinos Antisemitismus”.",Quadragesimale de christiana religione. Add: Guido de Marchia: Disputatio inter mundum et religionem,null,ff. (268),4°,Latein,"Sammelwerk, daran: Guido de Marchia (GND 102475040), Disputatio inter mundum et Religiousem. Judendfeindlicher Druck? VL: Ausgabe der lat. Werke. S. Bernardini Senensis Opera omnia, ed. PP Collegii S. Bonaventurae (Quaracchi), I-IX,  1950-65. Siehe: Hünermann, Franz Josef, Die wirtschaftsethischen Predigten des hl. Bernhardin von Siena - (Universität Münster) (1939) ( UB Frankfurt, http://resolver.hebis.de/retro/original/s6060975)",Religious
IDD-246,2058,ia00770000,null,null,null,766926,Schreckenberg III (1994) 391-393,Libro del anticristo,"Libro del anticristo. Add: Pseudo- Vincentius Ferrerius: De Fine mundi (Spanish) Sermon de seÃ±or san vicente bienaventurado. Tr: Martin Martinez de Ampies. Martinez de Ampies, Martin: El Libro del Judicio postrimero. Rabbi Samuel: Episto",ff. 86,2°,Spanisch,Sammelwerk; Übersetzung ins Spanische; Signaturen: a8 b-g6 h-i8 k10 l-m8,Religious
IDD-249,2059,ia00770200,null,null,null,767033,"Schreckenberg III (1994) 391-393. Microfiche: Primary Source Microfilm (an imprint of Cengage Learning), 2003. Incunabula: the Printing Revolution in Europe 1455-1500. Unit 54 - Iberian Printing Part I, SP 8",Libro del anticristo,"Libro del anticristo. Add: Pseudo- Vincentius Ferrerius: De Fine mundi (Spanish) Sermon de seÃ±or san vicente bienaventurado, Tr: Martin Martinez de Ampies. Martinez de Ampies, Martin: El Libro del Judicio postrimero. Rabbi Samuel: Episto.",ff. (158),4°,Spanisch,Sammelwerk; Übersetzung ins Spanische; SIganturen: a-n8 A-B8 C16 D-G8,Religious
IDD-287,M47715,it00484500,T-482,null,null,990316,null,Carmen ad Gabrielem Petri. Carmen ad Johannem Hinderbachium,null,null,null,Latein,"Signaturen (a10); betrifft den Ritualmord an Simon von Trient. Sammelwerk, daran: Raphael Zovenzonius (GND 12907649X), Carmen ad Gabrielem Petri (GND 129020818?); Carmen ad Johannem Hinderbachium; Johannes Hinderbachius (GND 118915967), Epistola Raphaeli Zovenzonio. Hain 15659 (= Hain 8668) ",Religious
IDD-297,5938,is00679300,null,null,null,990836,null,Historia S. Simonis Tridentini,"(1) Martirio di Simone da Trento. Add: Girolamo Campagnola, Leonardo Montagna, Martirio di Simone da Trento. (2) De martyrio B. Simonis pueri Tridentini a Judaeis trucidati carmina",ff. 10,4°,Latein,"betrifft den Ritualmord an Simon von Trient. gedruckt mit Girolamo Campagnola, Leonardo Montagna (GND 1020861827), Martirio di Simone da Trento",Religious
IDD-304,M39858,is00112000,A-445,null,null,991381,Schreckenberg III (1994) 391-393,"(1) Epistola ad R. Isaac de adventu Messiae quem Judaei temere expectant (2) Epistola contra Judaeorum errores. Tr: Alphonsus Boni Hominis (3) Quod Judaei messiam, qui venit seu venturum, temere exspectent",null,ff. (28),4°,Latein,"Sammelwerk; BSB-Ink: ""Mit Widmungsbrief des Autors an Hugo de Vaucemain (GND: 102499985), General des Dominikanerordens, Fassung B (Kap. 1-27)""",Religious
IDD-305,M39830,is00108000,null,null,null,991382,Schreckenberg III (1994) 391-393,"(1) Epistola ad R. Isaac de adventu Messiae quem Judaei temere expectant (2) Epistola contra Judaeorum errores. Tr: Alphonsus Boni Hominis (3) Quod Judaei messiam, qui venit seu venturum, temere exspectent",null,ff. 14,4°,Latein,Sammelwerk;,Religious
IDD-306,M39833,is00106000,null,null,null,991383,Schreckenberg III (1994) 391-393,"(1) Epistola ad R. Isaac de adventu Messiae quem Judaei temere expectant (2) Epistola contra Judaeorum errores. Tr: Alphonsus Boni Hominis (3) Quod Judaei messiam, qui venit seu venturum, temere exspectent",null,ff. 22,4°,Latein,"Sammelwerk, daran: Pseudo- Pontius Pilatus: Epistola ad Tiberium",Religious
IDD-309,M39841,is00104000,A-440,null,null,991386,Schreckenberg III (1994) 391-393,"(1) Epistola ad R. Isaac de adventu Messiae quem Judaei temere expectant (2) Epistola contra Judaeorum errores. Tr: Alphonsus Boni Hominis (3) Quod Judaei messiam, qui venit seu venturum, temere exspectent",null,ff. (28),4°,Latein,"Sammelwerk; BSB-INK: ""Fassung B (Kap. 1-27)""",Religious
IDD-310,M39835,is00103700,null,null,null,991387,Schreckenberg III (1994) 391-393,"(1) Epistola ad R. Isaac de adventu Messiae quem Judaei temere expectant (2) Epistola contra Judaeorum errores. Tr: Alphonsus Boni Hominis (3) Quod Judaei messiam, qui venit seu venturum, temere exspectent","Epistola contra Judaeorum errores. Add: Prophetiae de venturo Christo Patriarcharum, Sibyllae, Prophetarum; Pseudo- Pontius Pilatus: Epistola ad Tiberium",null,4°,Latein,Sammelwerk; daran: Pseudo- Pontius Pilatus: Epistola ad Tiberium ; identisch mit M39836,Religious
IDD-311,M39854,is00117000,null,null,null,991388,Schreckenberg III (1994) 391-393,"(1) Epistola ad R. Isaac de adventu Messiae quem Judaei temere expectant (2) Epistola contra Judaeorum errores. Tr: Alphonsus Boni Hominis (3) Quod Judaei messiam, qui venit seu venturum, temere exspectent",null,ff. (54),4°,Italienisch  ,"Sammelwerk; Übersetzung ins Italienische; daran: Sebastiano Salvini: Epistola ad Raphaelem Riarium; Considerazione sopra i salmi di David. Herodes: Epistola ad Senatum romanum, ebenfalls in Italienisch",Religious
IDD-313,M29967,ip00204000,null,null,null,992446,Schreckenberg III (1994) 391-393,Scrutinium scripturarum. Add: Rabbi Samuel: Epistola contra Judaeorum errores.,Scrutinium scripturarum. Add: Rabbi Samuel: Epistola contra Judaeorum errores.,ff. (270),2°,Latein,"Sammelwerk; daran: Rabbi Samuel: Epistola contra Judaeorum errores (Tr: Alphonsus Boni Hominis) (Exemplar der Universität Universität Saragossa, Bildnr. 501-539 (241v-269v))",Religious
IDD-317,M26280,in00077000,N-83,null,null,992858,null,Supplementum Summae Pisanellae. Add: Alexander de Nevo: Consilia contra Judaeos foenerantes. Astesanus de Ast: Canones poenitentiales.,Supplementum Summae Pisanellae. Add: Alexander de Nevo: Consilia contra Judaeos foenerantes. Astesanus de Ast: Canones poenitentiales.,ff. 488,8°,Latein,"Sammelwerk; betrifft Wucher; gedruckt mit Astesanus de Ast (GND 100969763), Canones poenitentiales. Ausgaben von Nicolaus de Ausmo (GND 100954901), Supplementum Summae Pisanellae nur mit Astesanus de Ast (GND 100969763), Canones poenitentiales: GW M26217 + M26221 + M26225 (+ M26232 (falsch)) + M26233 (+ M26235 (falsch)) + M26236 + M26238 + M26246 + M26249 + M26252 + M26269; ohne anhängende Werke: GW M26241 (+ M26223 (wg. H 2162, falsch + M26243 (wg. H 2162, falsch) + M26278 (wg. H 2171, falsch) + M26279 (wg. H 2172, falsch))",Religious
IDD-318,M26244,in00076000,N-82,null,null,992859,null,Supplementum Summae Pisanellae. Add: Alexander de Nevo: Consilia contra Judaeos foenerantes. Astesanus de Ast: Canones poenitentiales.,Supplementum Summae Pisanellae. Add: Alexander de Nevo: Consilia contra Judaeos foenerantes. Astesanus de Ast: Canones poenitentiales.,ff. (500),8°,Latein,"Sammelwerk; betrifft Wucher; gedruckt mit Astesanus de Ast (GND 100969763), Canones poenitentiales. Ausgaben von Nicolaus de Ausmo (GND 100954901), Supplementum Summae Pisanellae nur mit Astesanus de Ast (GND 100969763), Canones poenitentiales: GW M26217 + M26221 + M26225 (+ M26232 (falsch)) + M26233 (+ M26235 (falsch)) + M26236 + M26238 + M26246 + M26249 + M26252 + M26269; ohne anhängende Werke: GW M26241 (+ M26223 (wg. H 2162, falsch + M26243 (wg. H 2162, falsch) + M26278 (wg. H 2171, falsch) + M26279 (wg. H 2172, falsch))",Religious
IDD-319,M26263,in00075000,N-81,null,null,992860,null,Supplementum Summae Pisanellae. Add: Alexander de Nevo: Consilia contra Judaeos foenerantes. Astesanus de Ast: Canones poenitentiales.,Supplementum Summae Pisanellae. Add: Alexander de Nevo: Consilia contra Judaeos foenerantes. Astesanus de Ast: Canones poenitentiales.,ff. 528,8°,Latein,"Sammelwerk; betrifft Wucher; gedruckt mit Astesanus de Ast (GND 100969763), Canones poenitentiales. Ausgaben von Nicolaus de Ausmo (GND 100954901), Supplementum Summae Pisanellae nur mit Astesanus de Ast (GND 100969763), Canones poenitentiales: GW M26217 + M26221 + M26225 (+ M26232 (falsch)) + M26233 (+ M26235 (falsch)) + M26236 + M26238 + M26246 + M26249 + M26252 + M26269; ohne anhängende Werke: GW M26241 (+ M26223 (wg. H 2162, falsch + M26243 (wg. H 2162, falsch) + M26278 (wg. H 2171, falsch) + M26279 (wg. H 2172, falsch))",Religious
IDD-320,M26260,in00074000,N-79,null,null,992861,null,Supplementum Summae Pisanellae. Add: Alexander de Nevo: Consilia contra Judaeos foenerantes. Astesanus de Ast: Canones poenitentiales.,Supplementum Summae Pisanellae. Add: Alexander de Nevo: Consilia contra Judaeos foenerantes. Astesanus de Ast: Canones poenitentiales.,ff. 522,4°,Latein,"Sammelwerk; betrifft Wucher; gedruckt mit Astesanus de Ast (GND 100969763), Canones poenitentiales. Ausgaben von Nicolaus de Ausmo (GND 100954901), Supplementum Summae Pisanellae nur mit Astesanus de Ast (GND 100969763), Canones poenitentiales: GW M26217 + M26221 + M26225 (+ M26232 (falsch)) + M26233 (+ M26235 (falsch)) + M26236 + M26238 + M26246 + M26249 + M26252 + M26269; ohne anhängende Werke: GW M26241 (+ M26223 (wg. H 2162, falsch + M26243 (wg. H 2162, falsch) + M26278 (wg. H 2171, falsch) + M26279 (wg. H 2172, falsch))",Religious
IDD-321,M26265,in00073000,N-78,null,null,992862,null,Supplementum Summae Pisanellae. Add: Alexander de Nevo: Consilia contra Judaeos foenerantes. Astesanus de Ast: Canones poenitentiales.,Supplementum Summae Pisanellae. Add: Alexander de Nevo: Consilia contra Judaeos foenerantes. Astesanus de Ast: Canones poenitentiales.,ff. (336),4°,Latein,"Signaturen a–f12 gh8 i12 k–o8 oo8 p–rꝛs–yA–Mj8 ꝛ12; Sammelwerk; betrifft Wucher; gedruckt mit Astesanus de Ast (GND 100969763), Canones poenitentiales. Ausgaben von Nicolaus de Ausmo (GND 100954901), Supplementum Summae Pisanellae nur mit Astesanus de Ast (GND 100969763), Canones poenitentiales: GW M26217 + M26221 + M26225 (+ M26232 (falsch)) + M26233 (+ M26235 (falsch)) + M26236 + M26238 + M26246 + M26249 + M26252 + M26269; ohne anhängende Werke: GW M26241 (+ M26223 (wg. H 2162, falsch + M26243 (wg. H 2162, falsch) + M26278 (wg. H 2171, falsch) + M26279 (wg. H 2172, falsch)); Exemplar der BSB München (4 Inc.c.a. 180):  Nikolaus  ff.  2r-302r (Bildnr. 9-609), tabula ff. 302v-313v (Bildnr. 610-632), Astesanus ff. 314r-316v (Bildnr. 633-638), Nevo ff. 317r-335v (Bildnr. 639-676),  register 336r (Bildnr. 677)",Religious
IDD-322,M26271,in00071200,N-77,null,null,992863,null,Supplementum Summae Pisanellae. Add: Alexander de Nevo: Consilia contra Judaeos foenerantes. Astesanus de Ast: Canones poenitentiales.,Supplementum Summae Pisanellae. Add: Alexander de Nevo: Consilia contra Judaeos foenerantes. Astesanus de Ast: Canones poenitentiales.,ff. (380),4°,Latein,"Sammelwerk; betrifft Wucher; gedruckt mit Astesanus de Ast (GND 100969763), Canones poenitentiales. Ausgaben von Nicolaus de Ausmo (GND 100954901), Supplementum Summae Pisanellae nur mit Astesanus de Ast (GND 100969763), Canones poenitentiales: GW M26217 + M26221 + M26225 (+ M26232 (falsch)) + M26233 (+ M26235 (falsch)) + M26236 + M26238 + M26246 + M26249 + M26252 + M26269; ohne anhängende Werke: GW M26241 (+ M26223 (wg. H 2162, falsch + M26243 (wg. H 2162, falsch) + M26278 (wg. H 2171, falsch) + M26279 (wg. H 2172, falsch))",Religious
IDD-323,(1) M26274. (2) M26277,in00071000,(1) N-76. (2) N-75,null,null,992864,null,Supplementum Summae Pisanellae. Add: Alexander de Nevo: Consilia contra Judaeos foenerantes. Astesanus de Ast: Canones poenitentiales.,Supplementum Summae Pisanellae. Add: Alexander de Nevo: Consilia contra Judaeos foenerantes. Astesanus de Ast: Canones poenitentiales.,ff. (380),4°,Latein,"Sammelwerk; betrifft Wucher; gedruckt mit Astesanus de Ast (GND 100969763), Canones poenitentiales. Ausgaben von Nicolaus de Ausmo (GND 100954901), Supplementum Summae Pisanellae nur mit Astesanus de Ast (GND 100969763), Canones poenitentiales: GW M26217 + M26221 + M26225 (+ M26232 (falsch)) + M26233 (+ M26235 (falsch)) + M26236 + M26238 + M26246 + M26249 + M26252 + M26269; ohne anhängende Werke: GW M26241 (+ M26223 (wg. H 2162, falsch + M26243 (wg. H 2162, falsch) + M26278 (wg. H 2171, falsch) + M26279 (wg. H 2172, falsch)); Exemplar der BSB München (4 Inc.c.a. 629 a):  Nikolaus  ff.  2r-340v (Bildnr. 7-684), Nevo ff. 341r-362v (Bildnr. 685-728), tabula ff.  363r-4376r (Bildnr. 729-755), Astesanus ff. 376v-379v (Bildnr. 756-762)",Religious
IDD-324,M26228,in00069000,null,null,null,992865,null,Supplementum Summae Pisanellae. Add: Alexander de Nevo: Consilia contra Judaeos foenerantes. Astesanus de Ast: Canones poenitentiales.,Supplementum Summae Pisanellae. Add: Alexander de Nevo: Consilia contra Judaeos foenerantes. Astesanus de Ast: Canones poenitentiales.,ff. (350),4°,Latein,"Signaturen a–xvzaa–ij10 kk12 ll10 mm8; Sammelwerk; betrifft Wucher; gedruckt mit Astesanus de Ast (GND 100969763), Canones poenitentiales. Ausgaben von Nicolaus de Ausmo (GND 100954901), Supplementum Summae Pisanellae nur mit Astesanus de Ast (GND 100969763), Canones poenitentiales: GW M26217 + M26221 + M26225 (+ M26232 (falsch)) + M26233 (+ M26235 (falsch)) + M26236 + M26238 + M26246 + M26249 + M26252 + M26269; ohne anhängende Werke: GW M26241 (+ M26223 (wg. H 2162, falsch + M26243 (wg. H 2162, falsch) + M26278 (wg. H 2171, falsch) + M26279 (wg. H 2172, falsch))",Religious
IDD-325,M26257,in00068000,N-73,null,null,992866,null,Supplementum Summae Pisanellae. Add: Alexander de Nevo: Consilia contra Judaeos foenerantes. Astesanus de Ast: Canones poenitentiales.,Supplementum Summae Pisanellae. Add: Alexander de Nevo: Consilia contra Judaeos foenerantes. Astesanus de Ast: Canones poenitentiales.,ff. (430),2°,Latein,"Signaturen: a–n10 o12 p10 q–y12 1–9 12 10 –1310 A10 B8 b8 (1–210); Sammelwerk; betrifft Wucher; gedruckt mit Astesanus de Ast (GND 100969763), Canones poenitentiales. Ausgaben von Nicolaus de Ausmo (GND 100954901), Supplementum Summae Pisanellae nur mit Astesanus de Ast (GND 100969763), Canones poenitentiales: GW M26217 + M26221 + M26225 (+ M26232 (falsch)) + M26233 (+ M26235 (falsch)) + M26236 + M26238 + M26246 + M26249 + M26252 + M26269; ohne anhängende Werke: GW M26241 (+ M26223 (wg. H 2162, falsch + M26243 (wg. H 2162, falsch) + M26278 (wg. H 2171, falsch) + M26279 (wg. H 2172, falsch)); Exemplar der BSB München (2 Inc.c.a. 574 b):  Nikolaus  ff.  1r-383v (Bildnr. 9-774), Nevo ff. 384r-409r (Bildnr. 775-825), tabula ff.  410r-425r (Bildnr. 827-857), Astesanus ff.  425v-429r (Bildnr. 858-865); Exemplar der ULB Düsseldorf: Nikolaus Bildnr. 7-772, Nevo Bildnr. 773-823, tabula Bildnr. 824-855), Astesanus Bildnr. 856-863",Religious
IDD-326,M26253,in00067000,N-72,null,null,992867,null,Supplementum Summae Pisanellae. Add: Alexander de Nevo: Consilia contra Judaeos foenerantes. Astesanus de Ast: Canones poenitentiales.,Supplementum Summae Pisanellae. Add: Alexander de Nevo: Consilia contra Judaeos foenerantes. Astesanus de Ast: Canones poenitentiales.,ff. (356),2°,Latein,"Signaturen (a–h10 i8 k10 lm8 n–zA–M10 N12) ; Sammelwerk; betrifft Wucher; gedruckt mit Astesanus de Ast (GND 100969763), Canones poenitentiales. Ausgaben von Nicolaus de Ausmo (GND 100954901), Supplementum Summae Pisanellae nur mit Astesanus de Ast (GND 100969763), Canones poenitentiales: GW M26217 + M26221 + M26225 (+ M26232 (falsch)) + M26233 (+ M26235 (falsch)) + M26236 + M26238 + M26246 + M26249 + M26252 + M26269; ohne anhängende Werke: GW M26241 (+ M26223 (wg. H 2162, falsch + M26243 (wg. H 2162, falsch) + M26278 (wg. H 2171, falsch) + M26279 (wg. H 2172, falsch))",Religious
IDD-328,M19776,im00015000,M-7,null,null,993419,null,Dissuasoria ne christiani principes ecclesiasticos usurpent census. Prelim: Domitius Calderinus: Epistola ad Jacobum Card. Papiensem. Hermolaus Barbarus: Epistola ad Celsum Maffeum. C. Maffeus: Quaestio an aliqua res publica possit conducere Judaeos ad fo,null,ff. (36),4°,Latein,Sammelwerk; Signaturen a-d8 e4,Religious
IDD-345,6389,ic00323000,null,null,null,996174,Schreckenberg III (1994) 399-400,Carmina. Add: Tibullus: Elegiae. Propertius: Elegiae. Statius: Silvae. Johannes Calphurnius: Mors et apotheosis Simonis infantis novi martyris,Carmina. Add: Tibullus: Elegiae. Propertius: Elegiae. Statius: Silvae. Johannes Calphurnius: Mors et apotheosis Simonis infantis novi martyris,ff. (149),2°,Latein,"Signaturen ab8 c–e6 f–h8 i–l6 m8 no6 p8 q7 r–t6 ux8 y4. betrifft den Ritualmord an Simon von Trient, gedruckt mit Gaius Valerius Catullus (GND 118519719), Carmina. Tibullus (GND 11862251X), Elegiae. Propertius (GND 118596764), Elegiae. Statius (GND 118798502), Silvae. Hain 4760",Poetry
IDD-350,4449,ib00728000,null,null,null,996790,Schreckenberg III (1994) 399-400,Vita di Boccaccio,null,ff. (144),2°,Italienisch,Signaturen (6)a8 b–y6 z4; Übersetzung ins Italienische; Hieronymus Squarzaficus: Vita di Boccaccio,Literature
IDD-365,3879,ib00344800,null,null,null,996957,"Schreckenberg III (1994) 503-504. VL I (1978) 789-793. Schreckenberg III (1994) 503-504. VL I (1978) 789-793. Franco Mormando, Die Dämonen des Predigers: Bernardino von Siena und der soziale Untergrund der frühen Renaissance Italiens (Chicago: University of Chicago Press, 1999, Kapitel 4, “Neubewertung von Bernardinos Antisemitismus”.",Della confessione. Michael Durrazinus de Emporio: Sermone della regolata lingua; Sermone di mercatanzia spirituale; Tommasuccio: Visione della festa di Ognissanti; Visione come Adamo venne in terra,null,ff. (44),4°,Italienisch,"Signaturen (ab)8 (cd)8 (ef)8 (ik)8 l4; Sammelwerk; daran: Michael Durrazinus de Emporio (GND ?), Sermone della regolata lingua; Sermone di mercatanzia spirituale; Tommasuccio (GND 1033027588), Visione della festa di Ognissanti; Visione come Adamo venne in terra. Judendfeindlicher Druck? VL: Ausgabe der lat. Werke. S. Bernardini Senensis Opera omnia, ed. PP Collegii S. Bonaventurae (Quaracchi), I-IX,  1950-65. Siehe: Hünermann, Franz Josef, Die wirtschaftsethischen Predigten des hl. Bernhardin von Siena - (Universität Münster) (1939) ( UB Frankfurt, http://resolver.hebis.de/retro/original/s6060975)",Religious
IDD-369,3876,ib00343600,null,null,null,996961,"Schreckenberg III (1994) 503-504. VL I (1978) 789-793. Schreckenberg III (1994) 503-504. VL I (1978) 789-793. Franco Mormando, Die Dämonen des Predigers: Bernardino von Siena und der soziale Untergrund der frühen Renaissance Italiens (Chicago: University of Chicago Press, 1999, Kapitel 4, “Neubewertung von Bernardinos Antisemitismus”.",Vita di San Bernardino,Vita di San Bernardino. Add: Feo Belcari: Lauda,ff. 4,8°,Italienisch,"Signaturen (a4); Sammelwerk, daran: Feo Belcari (GND 100432212), Lauda. Judendfeindlicher Druck? VL: Ausgabe der lat. Werke. S. Bernardini Senensis Opera omnia, ed. PP Collegii S. Bonaventurae (Quaracchi), I-IX,  1950-65. Siehe: Hünermann, Franz Josef, Die wirtschaftsethischen Predigten des hl. Bernhardin von Siena - (Universität Münster) (1939) ( UB Frankfurt, http://resolver.hebis.de/retro/original/s6060975)",Religious
IDD-372,4291,ib00616000,null,null,null,999281,Schreckenberg III (1994) 382-387. Floerken 22-23,Biblia Lateina,"Biblia Lateina (cum postillis Nicolai de Lyra et expositionibus Guillelmi Britonis in omnes prologos S. Hieronymi et additionibus Pauli Burgensis replicisque Matthiae Doering). Ed: Paulus a Mercatello. With additions by Franciscus Moneliensis. Add: Nicolaus de Lyra, Contra perfidiam Judaeorum",ff. (1107),2°,Latein,"Sammelwerk;  1. Antijüdische Schrift; Gosselin 37 , HC 3168; mit Paulus Burgensis (GND 119105144),  Additiones; mit Matthias Doering (GND 100964664), (1) Replik (2) Defensorium postillae Nicolai  de Lyracontra Paulum Burgensem; mit (1) Guillaume Breton (2) William Brito ((1) GND 102482799 (2) GND 11884038X), Expositio (vocabulorum bibliae); mit  Nicolaus de Lyra (GND 119238683), Postilla",Religious
IDD-373,4287,ib00612000,B-447,null,null,999282,Schreckenberg III (1994) 382-387. Floerken 22-23,Biblia Lateina,Biblia Lateina (cum postillis Nicolai de Lyra et expositionibus Guillelmi Britonis in omnes prologos S. Hieronymi et additionibus Pauli Burgensis replicisque Matthiae Doering). Nicolaus de Lyra: Contra perfidiam Judaeorum,ff. (1361),2°,Latein,"Sammelwerk;  Signaturen: a–c8 d–f10 g8 h11 ik10 l8 m–yaa–ll10 mm8 nn–xx10 yy12 A–I10 k8 1–8 10 9; ISTC-Anmerkungen: In three parts. Parts I and II are undated. Part III is dated 1482, and the Additiones of Paulus Burgensis 1483. The Additiones, although often found with the Bible, are not included in its printed register, and are entered separately by Proctor and BMC. 1. Antijüdische Schrift; Gosselin 35 , HC 3167; mit Paulus Burgensis (GND 119105144),  Additiones; mit Matthias Doering (GND 100964664), (1) Replik (2) Defensorium postillae Nicolai  de Lyracontra Paulum Burgensem; mit (1) Guillaume Breton (2) William Brito ((1) GND 102482799 (2) GND 11884038X), Expositio (vocabulorum bibliae);  mit Nicolaus de Lyra (GND 119238683), Postilla",Religious
IDD-374,4286,ib00611000,null,null,null,999283,Schreckenberg III (1994) 382-387. Floerken 22-23,Biblia Lateina,Biblia Lateina (cum postillis Nicolai de Lyra et expositionibus Guillelmi Britonis in omnes prologos S. Hieronymi et additionibus Pauli Burgensis replicisque Matthiae Doering).,ff. (1571),2°,Latein,"Sammelwerk;  1. Antijüdische Schrift; Gosselin 24 ?; Gosselin 26 , HC 3164; mit Paulus Burgensis (GND 119105144),  Additiones; mit Matthias Doering (GND 100964664), (1) Replik (2) Defensorium postillae Nicolai  de Lyracontra Paulum Burgensem; mit (1) Guillaume Breton (2) William Brito ((1) GND 102482799 (2) GND 11884038X), Expositio (vocabulorum bibliae); mit  Nicolaus de Lyra (GND 119238683), Postilla",Religious
IDD-375,4283,ib00608000,B-473,null,null,999284,Schreckenberg III (1994) 382-387. Floerken 22-23,Biblia Lateina,"(1) Biblia Lateina (cum glossa ordinaria Walafridi Strabonis aliorumque et interlineari Anselmi Laudunensis et cum postillis Nicolai de Lyra expositionibusque Guillelmi Britonis in omnes prologos S. Hieronymi). Add: Nicolaus de Lyra: Contra perfidiam Judaeorum. Ed: Bernardinus Gadolus, Eusebius Hispanus, and Secundus Contarenus",ff. (1512),2°,Latein,"Sammelwerk;  1. Antijüdische Schrift; Gosselin 42 , HC 3174; ÖNB (https://data.onb.ac.at/rec/AC07507525) gibt als Titel an: ""Biblia : Mit Glossa ordinaria, ""Postilla litteralis"" von Nicolaus de Lyra, ""Expositiones prologorum"" von Guilelmus Brito. - Widmungsbrief an Kardinal Francesco Todeschini-Piccolomini, Murano, 25.1.1495. Hrsg. Bernardinus Gadolus, Eusebius Hispanus und Secundus Contarenus. Mit Privileg. Weitere Titel: Gadolus, Bernardinus: De libris bibliae canonicis et non canonicis. Als Anhang ""Translatores bibliae"". - Nicolaus de Lyra: Contra perfidiam Judaeorum; Probatio incarnationis divinae personae""",Religious
IDD-376,5919,ic00062000,null,null,null,999664,null,In Simonem martyrem carmina duo,null,ff. 8,4°,Latein,"Signaturen A8; betrifft den Ritualmord an Simon von Trient; gedruckt mit Gaius Valerius Catullus (GND 118519719), Carmina; Tibullus (GND 11862251X), Elegiae. Propertius (GND 118596764), Elegiae. Statius (GND 118798502), Silvae. Hain 4760",null
IDD-385,M39840,is00108500,null,null,null,(1) 765177 = (2) 333700 ?,"Schreckenberg III (1994) 391-393. USTC-Bibliographic References: Alexander Wilkinson, IB: Books Published in Spanish or Portugese or printed on the Iberian Peninsula before 1601, Reference: no. 15496","(1) Epistola ad R. Isaac de adventu Messiae quem Judaei temere expectant. (2) Epistola contra Judaeorum errores, Tr: Alphonsus Boni Hominis. (3) Quod Judaei messiam, qui venit seu venturum, temere exspectent.","Epistola contra Judaeorum errores (Spanish, from the Latein of Alphonsus Boni Hominis). Add: Pseudo- Pontius Pilatus: Epistola ad Tiberium (Spanish)",ff. (34),4°,Latein,Sammelwerk; daran: Pseudo- Pontius Pilatus: Epistola ad Tiberium,Religious
IDD-386,null,is00117200,null,null,null,(1) 766121 = (2) 333799 ?,"Schreckenberg III (1994) 391-393. USTC-Bibliographic References: IBE: Biblioteca Nacional (Madrid). Catálogo general de incunables en bibliotecas españolas. Coordinado y dirigido por Francisco García Craviotto. 2 vols. Madrid, 1989-90. (Adiciones y correcciones. I-II, Madrid, 1991-94). 5030. Philobiblon, Reference: no. BETA manid 4437. Alexander Wilkinson, IB: Books Published in Spanish or Portugese or printed on the Iberian Peninsula, before 1601, Reference: no. 15497","(1) Epistola ad R. Isaac de adventu Messiae quem Judaei temere expectant. (2) Epistola contra Judaeorum errores, Tr: Alphonsus Boni Hominis. (3) Quod Judaei messiam, qui venit seu venturum, temere exspectent.",null,null,4°,Spanisch,"Übersetzung ins Spanische; Sammelwerk, daran Pseudo- Pontius Pilatus: Epistola ad Tiberium, ebenfalls in Spanisch",Religious